Codice ISTAT,Comune,Provincia,N. Zona Pedoclimatica,Zona Pedoclimatica,Unnamed: 0,Unnamed: 1,Unnamed: 2,Unnamed: 3
14001,Albaredo per San Marco,Sondrio,1,Alpi,,,,
14002,Albosaggia,Sondrio,1,Alpi,,,,
14003,Andalo Valtellino,Sondrio,1,Alpi,,,,
14004,Aprica,Sondrio,1,Alpi,,,,
14005,Ardenno,Sondrio,1,Alpi,,,,
14006,Bema,Sondrio,1,Alpi,,,,
14007,Berbenno di Valtellina,Sondrio,1,Alpi,,,,
14008,Bianzone,Sondrio,1,Alpi,,,,
14009,Bormio,Sondrio,1,Alpi,,,,
14010,Buglio in Monte,Sondrio,1,Alpi,,,,
14011,Caiolo,Sondrio,1,Alpi,,,,
14012,Campodolcino,Sondrio,1,Alpi,,,,
14013,Caspoggio,Sondrio,1,Alpi,,,,
14014,Castello dell'Acqua,Sondrio,1,Alpi,,,,
14015,Castione Andevenno,Sondrio,1,Alpi,,,,
14016,Cedrasco,Sondrio,1,Alpi,,,,
14017,Cercino,Sondrio,1,Alpi,,,,
14018,Chiavenna,Sondrio,1,Alpi,,,,
14019,Chiesa in Valmalenco,Sondrio,1,Alpi,,,,
14020,Chiuro,Sondrio,1,Alpi,,,,
14021,Cino,Sondrio,1,Alpi,,,,
14022,Civo,Sondrio,1,Alpi,,,,
14023,Colorina,Sondrio,1,Alpi,,,,
14024,Cosio Valtellino,Sondrio,1,Alpi,,,,
14025,Dazio,Sondrio,1,Alpi,,,,
14026,Delebio,Sondrio,1,Alpi,,,,
14027,Dubino,Sondrio,1,Alpi,,,,
14028,Faedo Valtellino,Sondrio,1,Alpi,,,,
14029,Forcola,Sondrio,1,Alpi,,,,
14030,Fusine,Sondrio,1,Alpi,,,,
14031,Gerola Alta,Sondrio,1,Alpi,,,,
14032,Gordona,Sondrio,1,Alpi,,,,
14033,Grosio,Sondrio,1,Alpi,,,,
14034,Grosotto,Sondrio,1,Alpi,,,,
14035,Madesimo,Sondrio,1,Alpi,,,,
14036,Lanzada,Sondrio,1,Alpi,,,,
14037,Livigno,Sondrio,1,Alpi,,,,
14038,Lovero,Sondrio,1,Alpi,,,,
14039,Mantello,Sondrio,1,Alpi,,,,
14040,Mazzo di Valtellina,Sondrio,1,Alpi,,,,
14041,Mello,Sondrio,1,Alpi,,,,
14042,Menarola,Sondrio,1,Alpi,,,,
14043,Mese,Sondrio,1,Alpi,,,,
14044,Montagna in Valtellina,Sondrio,1,Alpi,,,,
14045,Morbegno,Sondrio,1,Alpi,,,,
14046,Novate Mezzola,Sondrio,1,Alpi,,,,
14047,Pedesina,Sondrio,1,Alpi,,,,
14048,Piantedo,Sondrio,1,Alpi,,,,
14049,Piateda,Sondrio,1,Alpi,,,,
14050,Piuro,Sondrio,1,Alpi,,,,
14051,Poggiridenti,Sondrio,1,Alpi,,,,
14052,Ponte in Valtellina,Sondrio,1,Alpi,,,,
14053,Postalesio,Sondrio,1,Alpi,,,,
14054,Prata Camportaccio,Sondrio,1,Alpi,,,,
14055,Rasura,Sondrio,1,Alpi,,,,
14056,Rogolo,Sondrio,1,Alpi,,,,
14057,Samolaco,Sondrio,1,Alpi,,,,
14058,San Giacomo Filippo,Sondrio,1,Alpi,,,,
14059,Sernio,Sondrio,1,Alpi,,,,
14060,Sondalo,Sondrio,1,Alpi,,,,
14061,Sondrio,Sondrio,1,Alpi,,,,
14062,Spriana,Sondrio,1,Alpi,,,,
14063,Talamona,Sondrio,1,Alpi,,,,
14064,Tartano,Sondrio,1,Alpi,,,,
14065,Teglio,Sondrio,1,Alpi,,,,
14066,Tirano,Sondrio,1,Alpi,,,,
14067,Torre di Santa Maria,Sondrio,1,Alpi,,,,
14068,Tovo di Sant'Agata,Sondrio,1,Alpi,,,,
14069,Traona,Sondrio,1,Alpi,,,,
14070,Tresivio,Sondrio,1,Alpi,,,,
14071,Valdidentro,Sondrio,1,Alpi,,,,
14072,Valdisotto,Sondrio,1,Alpi,,,,
14073,Valfurva,Sondrio,1,Alpi,,,,
14074,Val Masino,Sondrio,1,Alpi,,,,
14075,Verceia,Sondrio,1,Alpi,,,,
14076,Vervio,Sondrio,1,Alpi,,,,
14077,Villa di Chiavenna,Sondrio,1,Alpi,,,,
14078,Villa di Tirano,Sondrio,1,Alpi,,,,
12001,Agra,Varese,2,Prealpi Occidentali,,,,
12002,Albizzate,Varese,2,Prealpi Occidentali,,,,
12003,Angera,Varese,2,Prealpi Occidentali,,,,
12004,Arcisate,Varese,2,Prealpi Occidentali,,,,
12005,Arsago Seprio,Varese,2,Prealpi Occidentali,,,,
12006,Azzate,Varese,2,Prealpi Occidentali,,,,
12007,Azzio,Varese,2,Prealpi Occidentali,,,,
12008,Barasso,Varese,2,Prealpi Occidentali,,,,
12009,Bardello,Varese,2,Prealpi Occidentali,,,,
12010,Bedero Valcuvia,Varese,2,Prealpi Occidentali,,,,
12011,Besano,Varese,2,Prealpi Occidentali,,,,
12012,Besnate,Varese,2,Prealpi Occidentali,,,,
12013,Besozzo,Varese,2,Prealpi Occidentali,,,,
12014,Biandronno,Varese,2,Prealpi Occidentali,,,,
12015,Bisuschio,Varese,2,Prealpi Occidentali,,,,
12016,Bodio Lomnago,Varese,2,Prealpi Occidentali,,,,
12017,Brebbia,Varese,2,Prealpi Occidentali,,,,
12018,Bregano,Varese,2,Prealpi Occidentali,,,,
12019,Brenta,Varese,2,Prealpi Occidentali,,,,
12020,Brezzo di Bedero,Varese,2,Prealpi Occidentali,,,,
12021,Brinzio,Varese,2,Prealpi Occidentali,,,,
12022,Brissago-Valtravaglia,Varese,2,Prealpi Occidentali,,,,
12023,Brunello,Varese,2,Prealpi Occidentali,,,,
12024,Brusimpiano,Varese,2,Prealpi Occidentali,,,,
12025,Buguggiate,Varese,2,Prealpi Occidentali,,,,
12026,Busto Arsizio,Varese,2,Prealpi Occidentali,,,,
12027,Cadegliano-Viconago,Varese,2,Prealpi Occidentali,,,,
12029,Cairate,Varese,2,Prealpi Occidentali,,,,
12030,Cantello,Varese,2,Prealpi Occidentali,,,,
12031,Caravate,Varese,2,Prealpi Occidentali,,,,
12032,Cardano al Campo,Varese,2,Prealpi Occidentali,,,,
12033,Carnago,Varese,2,Prealpi Occidentali,,,,
12034,Caronno Pertusella,Varese,2,Prealpi Occidentali,,,,
12035,Caronno Varesino,Varese,2,Prealpi Occidentali,,,,
12036,Casale Litta,Varese,2,Prealpi Occidentali,,,,
12037,Casalzuigno,Varese,2,Prealpi Occidentali,,,,
12038,Casciago,Varese,2,Prealpi Occidentali,,,,
12039,Casorate Sempione,Varese,2,Prealpi Occidentali,,,,
12040,Cassano Magnago,Varese,2,Prealpi Occidentali,,,,
12041,Cassano Valcuvia,Varese,2,Prealpi Occidentali,,,,
12042,Castellanza,Varese,2,Prealpi Occidentali,,,,
12043,Castello Cabiaglio,Varese,2,Prealpi Occidentali,,,,
12044,Castelseprio,Varese,2,Prealpi Occidentali,,,,
12045,Castelveccana,Varese,2,Prealpi Occidentali,,,,
12046,Castiglione Olona,Varese,2,Prealpi Occidentali,,,,
12047,Castronno,Varese,2,Prealpi Occidentali,,,,
12048,Cavaria con Premezzo,Varese,2,Prealpi Occidentali,,,,
12049,Cazzago Brabbia,Varese,2,Prealpi Occidentali,,,,
12050,Cislago,Varese,2,Prealpi Occidentali,,,,
12051,Cittiglio,Varese,2,Prealpi Occidentali,,,,
12052,Clivio,Varese,2,Prealpi Occidentali,,,,
12053,Cocquio-Trevisago,Varese,2,Prealpi Occidentali,,,,
12054,Comabbio,Varese,2,Prealpi Occidentali,,,,
12055,Comerio,Varese,2,Prealpi Occidentali,,,,
12056,Cremenaga,Varese,2,Prealpi Occidentali,,,,
12057,Crosio della Valle,Varese,2,Prealpi Occidentali,,,,
12058,Cuasso al Monte,Varese,2,Prealpi Occidentali,,,,
12059,Cugliate-Fabiasco,Varese,2,Prealpi Occidentali,,,,
12060,Cunardo,Varese,2,Prealpi Occidentali,,,,
12061,Curiglia con Monteviasco,Varese,2,Prealpi Occidentali,,,,
12062,Cuveglio,Varese,2,Prealpi Occidentali,,,,
12063,Cuvio,Varese,2,Prealpi Occidentali,,,,
12064,Daverio,Varese,2,Prealpi Occidentali,,,,
12065,Dumenza,Varese,2,Prealpi Occidentali,,,,
12066,Duno,Varese,2,Prealpi Occidentali,,,,
12067,Fagnano Olona,Varese,2,Prealpi Occidentali,,,,
12068,Ferno,Varese,2,Prealpi Occidentali,,,,
12069,Ferrera di Varese,Varese,2,Prealpi Occidentali,,,,
12070,Gallarate,Varese,2,Prealpi Occidentali,,,,
12071,Galliate Lombardo,Varese,2,Prealpi Occidentali,,,,
12072,Gavirate,Varese,2,Prealpi Occidentali,,,,
12073,Gazzada Schianno,Varese,2,Prealpi Occidentali,,,,
12074,Gemonio,Varese,2,Prealpi Occidentali,,,,
12075,Gerenzano,Varese,2,Prealpi Occidentali,,,,
12076,Germignaga,Varese,2,Prealpi Occidentali,,,,
12077,Golasecca,Varese,2,Prealpi Occidentali,,,,
12078,Gorla Maggiore,Varese,2,Prealpi Occidentali,,,,
12079,Gorla Minore,Varese,2,Prealpi Occidentali,,,,
12080,Gornate Olona,Varese,2,Prealpi Occidentali,,,,
12081,Grantola,Varese,2,Prealpi Occidentali,,,,
12082,Inarzo,Varese,2,Prealpi Occidentali,,,,
12083,Induno Olona,Varese,2,Prealpi Occidentali,,,,
12084,Ispra,Varese,2,Prealpi Occidentali,,,,
12085,Jerago con Orago,Varese,2,Prealpi Occidentali,,,,
12086,Lavena Ponte Tresa,Varese,2,Prealpi Occidentali,,,,
12087,Laveno-Mombello,Varese,2,Prealpi Occidentali,,,,
12088,Leggiuno,Varese,2,Prealpi Occidentali,,,,
12089,Lonate Ceppino,Varese,2,Prealpi Occidentali,,,,
12090,Lonate Pozzolo,Varese,2,Prealpi Occidentali,,,,
12091,Lozza,Varese,2,Prealpi Occidentali,,,,
12092,Luino,Varese,2,Prealpi Occidentali,,,,
12093,Luvinate,Varese,2,Prealpi Occidentali,,,,
12095,Malgesso,Varese,2,Prealpi Occidentali,,,,
12096,Malnate,Varese,2,Prealpi Occidentali,,,,
12097,Marchirolo,Varese,2,Prealpi Occidentali,,,,
12098,Marnate,Varese,2,Prealpi Occidentali,,,,
12099,Marzio,Varese,2,Prealpi Occidentali,,,,
12100,Masciago Primo,Varese,2,Prealpi Occidentali,,,,
12101,Mercallo,Varese,2,Prealpi Occidentali,,,,
12102,Mesenzana,Varese,2,Prealpi Occidentali,,,,
12103,Montegrino Valtravaglia,Varese,2,Prealpi Occidentali,,,,
12104,Monvalle,Varese,2,Prealpi Occidentali,,,,
12105,Morazzone,Varese,2,Prealpi Occidentali,,,,
12106,Mornago,Varese,2,Prealpi Occidentali,,,,
12107,Oggiona con Santo Stefano,Varese,2,Prealpi Occidentali,,,,
12108,Olgiate Olona,Varese,2,Prealpi Occidentali,,,,
12109,Origgio,Varese,2,Prealpi Occidentali,,,,
12110,Orino,Varese,2,Prealpi Occidentali,,,,
12113,Porto Ceresio,Varese,2,Prealpi Occidentali,,,,
12114,Porto Valtravaglia,Varese,2,Prealpi Occidentali,,,,
12115,Rancio Valcuvia,Varese,2,Prealpi Occidentali,,,,
12116,Ranco,Varese,2,Prealpi Occidentali,,,,
12117,Saltrio,Varese,2,Prealpi Occidentali,,,,
12118,Samarate,Varese,2,Prealpi Occidentali,,,,
12119,Saronno,Varese,2,Prealpi Occidentali,,,,
12120,Sesto Calende,Varese,2,Prealpi Occidentali,,,,
12121,Solbiate Arno,Varese,2,Prealpi Occidentali,,,,
12122,Solbiate Olona,Varese,2,Prealpi Occidentali,,,,
12123,Somma Lombardo,Varese,2,Prealpi Occidentali,,,,
12124,Sumirago,Varese,2,Prealpi Occidentali,,,,
12125,Taino,Varese,2,Prealpi Occidentali,,,,
12126,Ternate,Varese,2,Prealpi Occidentali,,,,
12127,Tradate,Varese,2,Prealpi Occidentali,,,,
12128,Travedona-Monate,Varese,2,Prealpi Occidentali,,,,
12129,Tronzano Lago Maggiore,Varese,2,Prealpi Occidentali,,,,
12130,Uboldo,Varese,2,Prealpi Occidentali,,,,
12131,Valganna,Varese,2,Prealpi Occidentali,,,,
12132,Varano Borghi,Varese,2,Prealpi Occidentali,,,,
12133,Varese,Varese,2,Prealpi Occidentali,,,,
12134,Vedano Olona,Varese,2,Prealpi Occidentali,,,,
12136,Venegono Inferiore,Varese,2,Prealpi Occidentali,,,,
12137,Venegono Superiore,Varese,2,Prealpi Occidentali,,,,
12138,Vergiate,Varese,2,Prealpi Occidentali,,,,
12139,Viggiu',Varese,2,Prealpi Occidentali,,,,
12140,Vizzola Ticino,Varese,2,Prealpi Occidentali,,,,
12141,Sangiano,Varese,2,Prealpi Occidentali,,,,
12142,Maccagno con Pino e Veddasca,Varese,2,Prealpi Occidentali,,,,
12143,Cadrezzate con Osmate,Varese,2,Prealpi Occidentali,,,,
13003,Albavilla,Como,2,Prealpi Occidentali,,,,
13004,Albese con Cassano,Como,2,Prealpi Occidentali,,,,
13005,Albiolo,Como,2,Prealpi Occidentali,,,,
13006,Alserio,Como,2,Prealpi Occidentali,,,,
13007,Alzate Brianza,Como,2,Prealpi Occidentali,,,,
13009,Anzano del Parco,Como,2,Prealpi Occidentali,,,,
13010,Appiano Gentile,Como,2,Prealpi Occidentali,,,,
13011,Argegno,Como,2,Prealpi Occidentali,,,,
13012,Arosio,Como,2,Prealpi Occidentali,,,,
13013,Asso,Como,2,Prealpi Occidentali,,,,
13015,Barni,Como,2,Prealpi Occidentali,,,,
13021,Bene Lario,Como,2,Prealpi Occidentali,,,,
13022,Beregazzo con Figliaro,Como,2,Prealpi Occidentali,,,,
13023,Binago,Como,2,Prealpi Occidentali,,,,
13024,Bizzarone,Como,2,Prealpi Occidentali,,,,
13025,Blessagno,Como,2,Prealpi Occidentali,,,,
13026,Blevio,Como,2,Prealpi Occidentali,,,,
13028,Bregnano,Como,2,Prealpi Occidentali,,,,
13029,Brenna,Como,2,Prealpi Occidentali,,,,
13030,Brienno,Como,2,Prealpi Occidentali,,,,
13032,Brunate,Como,2,Prealpi Occidentali,,,,
13034,Bulgarograsso,Como,2,Prealpi Occidentali,,,,
13035,Cabiate,Como,2,Prealpi Occidentali,,,,
13036,Cadorago,Como,2,Prealpi Occidentali,,,,
13037,Caglio,Como,2,Prealpi Occidentali,,,,
13040,Campione d'Italia,Como,2,Prealpi Occidentali,,,,
13041,Cantù,Como,2,Prealpi Occidentali,,,,
13042,Canzo,Como,2,Prealpi Occidentali,,,,
13043,Capiago Intimiano,Como,2,Prealpi Occidentali,,,,
13044,Carate Urio,Como,2,Prealpi Occidentali,,,,
13045,Carbonate,Como,2,Prealpi Occidentali,,,,
13046,Carimate,Como,2,Prealpi Occidentali,,,,
13047,Carlazzo,Como,2,Prealpi Occidentali,,,,
13048,Carugo,Como,2,Prealpi Occidentali,,,,
13052,Caslino d'Erba,Como,2,Prealpi Occidentali,,,,
13053,Casnate con Bernate,Como,2,Prealpi Occidentali,,,,
13055,Cassina Rizzardi,Como,2,Prealpi Occidentali,,,,
13058,Castelmarte,Como,2,Prealpi Occidentali,,,,
13059,Castelnuovo Bozzente,Como,2,Prealpi Occidentali,,,,
13062,Cavargna,Como,2,Prealpi Occidentali,,,,
13063,Cerano d'Intelvi,Como,2,Prealpi Occidentali,,,,
13064,Cermenate,Como,2,Prealpi Occidentali,,,,
13065,Cernobbio,Como,2,Prealpi Occidentali,,,,
13068,Cirimido,Como,2,Prealpi Occidentali,,,,
13071,Claino con Osteno,Como,2,Prealpi Occidentali,,,,
13074,Colonno,Como,2,Prealpi Occidentali,,,,
13075,Como,Como,2,Prealpi Occidentali,,,,
13077,Corrido,Como,2,Prealpi Occidentali,,,,
13083,Cremia,Como,2,Prealpi Occidentali,,,,
13084,Cucciago,Como,2,Prealpi Occidentali,,,,
13085,Cusino,Como,2,Prealpi Occidentali,,,,
13087,Dizzasco,Como,2,Prealpi Occidentali,,,,
13089,Domaso,Como,2,Prealpi Occidentali,,,,
13090,Dongo,Como,2,Prealpi Occidentali,,,,
13092,Dosso del Liro,Como,2,Prealpi Occidentali,,,,
13095,Erba,Como,2,Prealpi Occidentali,,,,
13097,Eupilio,Como,2,Prealpi Occidentali,,,,
13098,Faggeto Lario,Como,2,Prealpi Occidentali,,,,
13099,Faloppio,Como,2,Prealpi Occidentali,,,,
13100,Fenegrò,Como,2,Prealpi Occidentali,,,,
13101,Figino Serenza,Como,2,Prealpi Occidentali,,,,
13102,Fino Mornasco,Como,2,Prealpi Occidentali,,,,
13106,Garzeno,Como,2,Prealpi Occidentali,,,,
13107,Gera Lario,Como,2,Prealpi Occidentali,,,,
13110,Grandate,Como,2,Prealpi Occidentali,,,,
13111,Grandola ed Uniti,Como,2,Prealpi Occidentali,,,,
13113,Griante,Como,2,Prealpi Occidentali,,,,
13114,Guanzate,Como,2,Prealpi Occidentali,,,,
13118,Inverigo,Como,2,Prealpi Occidentali,,,,
13119,Laglio,Como,2,Prealpi Occidentali,,,,
13120,Laino,Como,2,Prealpi Occidentali,,,,
13121,Lambrugo,Como,2,Prealpi Occidentali,,,,
13123,Lasnigo,Como,2,Prealpi Occidentali,,,,
13126,Lezzeno,Como,2,Prealpi Occidentali,,,,
13128,Limido Comasco,Como,2,Prealpi Occidentali,,,,
13129,Lipomo,Como,2,Prealpi Occidentali,,,,
13130,Livo,Como,2,Prealpi Occidentali,,,,
13131,Locate Varesino,Como,2,Prealpi Occidentali,,,,
13133,Lomazzo,Como,2,Prealpi Occidentali,,,,
13134,Longone al Segrino,Como,2,Prealpi Occidentali,,,,
13135,Luisago,Como,2,Prealpi Occidentali,,,,
13136,Lurago d'Erba,Como,2,Prealpi Occidentali,,,,
13137,Lurago Marinone,Como,2,Prealpi Occidentali,,,,
13138,Lurate Caccivio,Como,2,Prealpi Occidentali,,,,
13139,Magreglio,Como,2,Prealpi Occidentali,,,,
13143,Mariano Comense,Como,2,Prealpi Occidentali,,,,
13144,Maslianico,Como,2,Prealpi Occidentali,,,,
13145,Menaggio,Como,2,Prealpi Occidentali,,,,
13147,Merone,Como,2,Prealpi Occidentali,,,,
13152,Moltrasio,Como,2,Prealpi Occidentali,,,,
13153,Monguzzo,Como,2,Prealpi Occidentali,,,,
13154,Montano Lucino,Como,2,Prealpi Occidentali,,,,
13155,Montemezzo,Como,2,Prealpi Occidentali,,,,
13157,Montorfano,Como,2,Prealpi Occidentali,,,,
13159,Mozzate,Como,2,Prealpi Occidentali,,,,
13160,Musso,Como,2,Prealpi Occidentali,,,,
13161,Nesso,Como,2,Prealpi Occidentali,,,,
13163,Novedrate,Como,2,Prealpi Occidentali,,,,
13165,Olgiate Comasco,Como,2,Prealpi Occidentali,,,,
13169,Oltrona di San Mamette,Como,2,Prealpi Occidentali,,,,
13170,Orsenigo,Como,2,Prealpi Occidentali,,,,
13178,Peglio,Como,2,Prealpi Occidentali,,,,
13183,Pianello del Lario,Como,2,Prealpi Occidentali,,,,
13184,Pigra,Como,2,Prealpi Occidentali,,,,
13185,Plesio,Como,2,Prealpi Occidentali,,,,
13186,Pognana Lario,Como,2,Prealpi Occidentali,,,,
13187,Ponna,Como,2,Prealpi Occidentali,,,,
13188,Ponte Lambro,Como,2,Prealpi Occidentali,,,,
13189,Porlezza,Como,2,Prealpi Occidentali,,,,
13192,Proserpio,Como,2,Prealpi Occidentali,,,,
13193,Pusiano,Como,2,Prealpi Occidentali,,,,
13195,Rezzago,Como,2,Prealpi Occidentali,,,,
13197,Rodero,Como,2,Prealpi Occidentali,,,,
13199,Ronago,Como,2,Prealpi Occidentali,,,,
13201,Rovellasca,Como,2,Prealpi Occidentali,,,,
13202,Rovello Porro,Como,2,Prealpi Occidentali,,,,
13203,Sala Comacina,Como,2,Prealpi Occidentali,,,,
13204,San Bartolomeo Val Cavargna,Como,2,Prealpi Occidentali,,,,
13206,San Fermo della Battaglia,Como,2,Prealpi Occidentali,,,,
13207,San Nazzaro Val Cavargna,Como,2,Prealpi Occidentali,,,,
13211,Schignano,Como,2,Prealpi Occidentali,,,,
13212,Senna Comasco,Como,2,Prealpi Occidentali,,,,
13216,Sorico,Como,2,Prealpi Occidentali,,,,
13217,Sormano,Como,2,Prealpi Occidentali,,,,
13218,Stazzona,Como,2,Prealpi Occidentali,,,,
13222,Tavernerio,Como,2,Prealpi Occidentali,,,,
13223,Torno,Como,2,Prealpi Occidentali,,,,
13226,Trezzone,Como,2,Prealpi Occidentali,,,,
13227,Turate,Como,2,Prealpi Occidentali,,,,
13228,Uggiate-Trevano,Como,2,Prealpi Occidentali,,,,
13229,Valbrona,Como,2,Prealpi Occidentali,,,,
13232,Valmorea,Como,2,Prealpi Occidentali,,,,
13233,Val Rezzo,Como,2,Prealpi Occidentali,,,,
13234,Valsolda,Como,2,Prealpi Occidentali,,,,
13236,Veleso,Como,2,Prealpi Occidentali,,,,
13238,Veniano,Como,2,Prealpi Occidentali,,,,
13239,Vercana,Como,2,Prealpi Occidentali,,,,
13242,Vertemate con Minoprio,Como,2,Prealpi Occidentali,,,,
13245,Villa Guardia,Como,2,Prealpi Occidentali,,,,
13246,Zelbio,Como,2,Prealpi Occidentali,,,,
13248,San Siro,Como,2,Prealpi Occidentali,,,,
13249,Gravedona ed Uniti,Como,2,Prealpi Occidentali,,,,
13250,Bellagio,Como,2,Prealpi Occidentali,,,,
13251,Colverde,Como,2,Prealpi Occidentali,,,,
13252,Tremezzina,Como,2,Prealpi Occidentali,,,,
13253,Alta Valle Intelvi,Como,2,Prealpi Occidentali,,,,
13254,Centro Valle Intelvi,Como,2,Prealpi Occidentali,,,,
13255,Solbiate con Cagno,Como,2,Prealpi Occidentali,,,,
97001,Abbadia Lariana,Lecco,2,Prealpi Occidentali,,,,
97002,Airuno,Lecco,2,Prealpi Occidentali,,,,
97003,Annone di Brianza,Lecco,2,Prealpi Occidentali,,,,
97004,Ballabio,Lecco,2,Prealpi Occidentali,,,,
97005,Barzago,Lecco,2,Prealpi Occidentali,,,,
97006,Barzano',Lecco,2,Prealpi Occidentali,,,,
97007,Barzio,Lecco,2,Prealpi Occidentali,,,,
97008,Bellano,Lecco,2,Prealpi Occidentali,,,,
97009,Bosisio Parini,Lecco,2,Prealpi Occidentali,,,,
97010,Brivio,Lecco,2,Prealpi Occidentali,,,,
97011,Bulciago,Lecco,2,Prealpi Occidentali,,,,
97012,Calco,Lecco,2,Prealpi Occidentali,,,,
97013,Calolziocorte,Lecco,2,Prealpi Occidentali,,,,
97014,Carenno,Lecco,2,Prealpi Occidentali,,,,
97015,Casargo,Lecco,2,Prealpi Occidentali,,,,
97016,Casatenovo,Lecco,2,Prealpi Occidentali,,,,
97017,Cassago Brianza,Lecco,2,Prealpi Occidentali,,,,
97018,Cassina Valsassina,Lecco,2,Prealpi Occidentali,,,,
97019,Castello di Brianza,Lecco,2,Prealpi Occidentali,,,,
97020,Cernusco Lombardone,Lecco,2,Prealpi Occidentali,,,,
97021,Cesana Brianza,Lecco,2,Prealpi Occidentali,,,,
97022,Civate,Lecco,2,Prealpi Occidentali,,,,
97023,Colico,Lecco,2,Prealpi Occidentali,,,,
97024,Colle Brianza,Lecco,2,Prealpi Occidentali,,,,
97025,Cortenova,Lecco,2,Prealpi Occidentali,,,,
97026,Costa Masnaga,Lecco,2,Prealpi Occidentali,,,,
97027,Crandola Valsassina,Lecco,2,Prealpi Occidentali,,,,
97028,Cremella,Lecco,2,Prealpi Occidentali,,,,
97029,Cremeno,Lecco,2,Prealpi Occidentali,,,,
97030,Dervio,Lecco,2,Prealpi Occidentali,,,,
97031,Dolzago,Lecco,2,Prealpi Occidentali,,,,
97032,Dorio,Lecco,2,Prealpi Occidentali,,,,
97033,Ello,Lecco,2,Prealpi Occidentali,,,,
97034,Erve,Lecco,2,Prealpi Occidentali,,,,
97035,Esino Lario,Lecco,2,Prealpi Occidentali,,,,
97036,Galbiate,Lecco,2,Prealpi Occidentali,,,,
97037,Garbagnate Monastero,Lecco,2,Prealpi Occidentali,,,,
97038,Garlate,Lecco,2,Prealpi Occidentali,,,,
97039,Imbersago,Lecco,2,Prealpi Occidentali,,,,
97040,Introbio,Lecco,2,Prealpi Occidentali,,,,
97042,Lecco,Lecco,2,Prealpi Occidentali,,,,
97043,Lierna,Lecco,2,Prealpi Occidentali,,,,
97044,Lomagna,Lecco,2,Prealpi Occidentali,,,,
97045,Malgrate,Lecco,2,Prealpi Occidentali,,,,
97046,Mandello del Lario,Lecco,2,Prealpi Occidentali,,,,
97047,Margno,Lecco,2,Prealpi Occidentali,,,,
97048,Merate,Lecco,2,Prealpi Occidentali,,,,
97049,Missaglia,Lecco,2,Prealpi Occidentali,,,,
97050,Moggio,Lecco,2,Prealpi Occidentali,,,,
97051,Molteno,Lecco,2,Prealpi Occidentali,,,,
97052,Monte Marenzo,Lecco,2,Prealpi Occidentali,,,,
97053,Montevecchia,Lecco,2,Prealpi Occidentali,,,,
97054,Monticello Brianza,Lecco,2,Prealpi Occidentali,,,,
97055,Morterone,Lecco,2,Prealpi Occidentali,,,,
97056,Nibionno,Lecco,2,Prealpi Occidentali,,,,
97057,Oggiono,Lecco,2,Prealpi Occidentali,,,,
97058,Olgiate Molgora,Lecco,2,Prealpi Occidentali,,,,
97059,Olginate,Lecco,2,Prealpi Occidentali,,,,
97060,Oliveto Lario,Lecco,2,Prealpi Occidentali,,,,
97061,Osnago,Lecco,2,Prealpi Occidentali,,,,
97062,Paderno d'Adda,Lecco,2,Prealpi Occidentali,,,,
97063,Pagnona,Lecco,2,Prealpi Occidentali,,,,
97064,Parlasco,Lecco,2,Prealpi Occidentali,,,,
97065,Pasturo,Lecco,2,Prealpi Occidentali,,,,
97067,Perledo,Lecco,2,Prealpi Occidentali,,,,
97068,Pescate,Lecco,2,Prealpi Occidentali,,,,
97069,Premana,Lecco,2,Prealpi Occidentali,,,,
97070,Primaluna,Lecco,2,Prealpi Occidentali,,,,
97071,Robbiate,Lecco,2,Prealpi Occidentali,,,,
97072,Rogeno,Lecco,2,Prealpi Occidentali,,,,
97074,Santa Maria Hoe',Lecco,2,Prealpi Occidentali,,,,
97075,Sirone,Lecco,2,Prealpi Occidentali,,,,
97076,Sirtori,Lecco,2,Prealpi Occidentali,,,,
97077,Sueglio,Lecco,2,Prealpi Occidentali,,,,
97078,Suello,Lecco,2,Prealpi Occidentali,,,,
97079,Taceno,Lecco,2,Prealpi Occidentali,,,,
97080,Torre de' Busi,Lecco,2,Prealpi Occidentali,,,,
97082,Valgreghentino,Lecco,2,Prealpi Occidentali,,,,
97083,Valmadrera,Lecco,2,Prealpi Occidentali,,,,
97084,Varenna,Lecco,2,Prealpi Occidentali,,,,
97086,Vercurago,Lecco,2,Prealpi Occidentali,,,,
97090,Vigano',Lecco,2,Prealpi Occidentali,,,,
97091,Verderio,Lecco,2,Prealpi Occidentali,,,,
97092,La Valletta Brianza,Lecco,2,Prealpi Occidentali,,,,
97093,Valvarrone,Lecco,2,Prealpi Occidentali,,,,
108001,Agrate Brianza,Monza Brianza,2,Prealpi Occidentali,,,,
108002,Aicurzio,Monza Brianza,2,Prealpi Occidentali,,,,
108003,Albiate,Monza Brianza,2,Prealpi Occidentali,,,,
108004,Arcore,Monza Brianza,2,Prealpi Occidentali,,,,
108005,Barlassina,Monza Brianza,2,Prealpi Occidentali,,,,
108006,Bellusco,Monza Brianza,2,Prealpi Occidentali,,,,
108007,Bernareggio,Monza Brianza,2,Prealpi Occidentali,,,,
108008,Besana in Brianza,Monza Brianza,2,Prealpi Occidentali,,,,
108009,Biassono,Monza Brianza,2,Prealpi Occidentali,,,,
108010,Bovisio-Masciago,Monza Brianza,2,Prealpi Occidentali,,,,
108011,Briosco,Monza Brianza,2,Prealpi Occidentali,,,,
108012,Brugherio,Monza Brianza,2,Prealpi Occidentali,,,,
108013,Burago di Molgora,Monza Brianza,2,Prealpi Occidentali,,,,
108014,Camparada,Monza Brianza,2,Prealpi Occidentali,,,,
108015,Carate Brianza,Monza Brianza,2,Prealpi Occidentali,,,,
108016,Carnate,Monza Brianza,2,Prealpi Occidentali,,,,
108017,Cavenago di Brianza,Monza Brianza,2,Prealpi Occidentali,,,,
108018,Ceriano Laghetto,Monza Brianza,2,Prealpi Occidentali,,,,
108019,Cesano Maderno,Monza Brianza,2,Prealpi Occidentali,,,,
108020,Cogliate,Monza Brianza,2,Prealpi Occidentali,,,,
108021,Concorezzo,Monza Brianza,2,Prealpi Occidentali,,,,
108022,Correzzana,Monza Brianza,2,Prealpi Occidentali,,,,
108023,Desio,Monza Brianza,2,Prealpi Occidentali,,,,
108024,Giussano,Monza Brianza,2,Prealpi Occidentali,,,,
108025,Lazzate,Monza Brianza,2,Prealpi Occidentali,,,,
108026,Lesmo,Monza Brianza,2,Prealpi Occidentali,,,,
108027,Limbiate,Monza Brianza,2,Prealpi Occidentali,,,,
108028,Lissone,Monza Brianza,2,Prealpi Occidentali,,,,
108029,Macherio,Monza Brianza,2,Prealpi Occidentali,,,,
108030,Meda,Monza Brianza,2,Prealpi Occidentali,,,,
108031,Mezzago,Monza Brianza,2,Prealpi Occidentali,,,,
108032,Misinto,Monza Brianza,2,Prealpi Occidentali,,,,
108033,Monza,Monza Brianza,2,Prealpi Occidentali,,,,
108034,Muggio',Monza Brianza,2,Prealpi Occidentali,,,,
108035,Nova Milanese,Monza Brianza,2,Prealpi Occidentali,,,,
108036,Ornago,Monza Brianza,2,Prealpi Occidentali,,,,
108037,Renate,Monza Brianza,2,Prealpi Occidentali,,,,
108038,Ronco Briantino,Monza Brianza,2,Prealpi Occidentali,,,,
108039,Seregno,Monza Brianza,2,Prealpi Occidentali,,,,
108040,Seveso,Monza Brianza,2,Prealpi Occidentali,,,,
108041,Sovico,Monza Brianza,2,Prealpi Occidentali,,,,
108042,Sulbiate,Monza Brianza,2,Prealpi Occidentali,,,,
108043,Triuggio,Monza Brianza,2,Prealpi Occidentali,,,,
108044,Usmate Velate,Monza Brianza,2,Prealpi Occidentali,,,,
108045,Varedo,Monza Brianza,2,Prealpi Occidentali,,,,
108046,Vedano al Lambro,Monza Brianza,2,Prealpi Occidentali,,,,
108047,Veduggio con Colzano,Monza Brianza,2,Prealpi Occidentali,,,,
108048,Verano Brianza,Monza Brianza,2,Prealpi Occidentali,,,,
108049,Villasanta,Monza Brianza,2,Prealpi Occidentali,,,,
108050,Vimercate,Monza Brianza,2,Prealpi Occidentali,,,,
108051,Busnago,Monza Brianza,2,Prealpi Occidentali,,,,
108052,Caponago,Monza Brianza,2,Prealpi Occidentali,,,,
108053,Cornate d'Adda,Monza Brianza,2,Prealpi Occidentali,,,,
108054,Lentate sul Seveso,Monza Brianza,2,Prealpi Occidentali,,,,
108055,Roncello,Monza Brianza,2,Prealpi Occidentali,,,,
16001,Adrara San Martino,Bergamo,3,Prealpi Orientali,,,,
16002,Adrara San Rocco,Bergamo,3,Prealpi Orientali,,,,
16003,Albano Sant'Alessandro,Bergamo,3,Prealpi Orientali,,,,
16004,Albino,Bergamo,3,Prealpi Orientali,,,,
16005,Alme',Bergamo,3,Prealpi Orientali,,,,
16006,Almenno San Bartolomeo,Bergamo,3,Prealpi Orientali,,,,
16007,Almenno San Salvatore,Bergamo,3,Prealpi Orientali,,,,
16008,Alzano Lombardo,Bergamo,3,Prealpi Orientali,,,,
16009,Ambivere,Bergamo,3,Prealpi Orientali,,,,
16012,Ardesio,Bergamo,3,Prealpi Orientali,,,,
16014,Averara,Bergamo,3,Prealpi Orientali,,,,
16015,Aviatico,Bergamo,3,Prealpi Orientali,,,,
16017,Azzone,Bergamo,3,Prealpi Orientali,,,,
16021,Barzana,Bergamo,3,Prealpi Orientali,,,,
16022,Bedulita,Bergamo,3,Prealpi Orientali,,,,
16023,Berbenno,Bergamo,3,Prealpi Orientali,,,,
16024,Bergamo,Bergamo,3,Prealpi Orientali,,,,
16025,Berzo San Fermo,Bergamo,3,Prealpi Orientali,,,,
16026,Bianzano,Bergamo,3,Prealpi Orientali,,,,
16027,Blello,Bergamo,3,Prealpi Orientali,,,,
16032,Borgo di Terzo,Bergamo,3,Prealpi Orientali,,,,
16033,Bossico,Bergamo,3,Prealpi Orientali,,,,
16035,Bracca,Bergamo,3,Prealpi Orientali,,,,
16036,Branzi,Bergamo,3,Prealpi Orientali,,,,
16041,Brumano,Bergamo,3,Prealpi Orientali,,,,
16048,Camerata Cornello,Bergamo,3,Prealpi Orientali,,,,
16050,Capizzone,Bergamo,3,Prealpi Orientali,,,,
16052,Caprino Bergamasco,Bergamo,3,Prealpi Orientali,,,,
16055,Carobbio degli Angeli,Bergamo,3,Prealpi Orientali,,,,
16056,Carona,Bergamo,3,Prealpi Orientali,,,,
16058,Casazza,Bergamo,3,Prealpi Orientali,,,,
16060,Casnigo,Bergamo,3,Prealpi Orientali,,,,
16061,Cassiglio,Bergamo,3,Prealpi Orientali,,,,
16062,Castelli Calepio,Bergamo,3,Prealpi Orientali,,,,
16064,Castione della Presolana,Bergamo,3,Prealpi Orientali,,,,
16065,Castro,Bergamo,3,Prealpi Orientali,,,,
16067,Cazzano Sant'Andrea,Bergamo,3,Prealpi Orientali,,,,
16068,Cenate Sopra,Bergamo,3,Prealpi Orientali,,,,
16069,Cenate Sotto,Bergamo,3,Prealpi Orientali,,,,
16070,Cene,Bergamo,3,Prealpi Orientali,,,,
16071,Cerete,Bergamo,3,Prealpi Orientali,,,,
16073,Chiuduno,Bergamo,3,Prealpi Orientali,,,,
16074,Cisano Bergamasco,Bergamo,3,Prealpi Orientali,,,,
16077,Clusone,Bergamo,3,Prealpi Orientali,,,,
16078,Colere,Bergamo,3,Prealpi Orientali,,,,
16080,Colzate,Bergamo,3,Prealpi Orientali,,,,
16082,Corna Imagna,Bergamo,3,Prealpi Orientali,,,,
16085,Costa Valle Imagna,Bergamo,3,Prealpi Orientali,,,,
16086,Costa Volpino,Bergamo,3,Prealpi Orientali,,,,
16088,Credaro,Bergamo,3,Prealpi Orientali,,,,
16090,Cusio,Bergamo,3,Prealpi Orientali,,,,
16092,Dossena,Bergamo,3,Prealpi Orientali,,,,
16093,Endine Gaiano,Bergamo,3,Prealpi Orientali,,,,
16094,Entratico,Bergamo,3,Prealpi Orientali,,,,
16099,Fino del Monte,Bergamo,3,Prealpi Orientali,,,,
16100,Fiorano al Serio,Bergamo,3,Prealpi Orientali,,,,
16102,Fonteno,Bergamo,3,Prealpi Orientali,,,,
16103,Foppolo,Bergamo,3,Prealpi Orientali,,,,
16104,Foresto Sparso,Bergamo,3,Prealpi Orientali,,,,
16106,Fuipiano Valle Imagna,Bergamo,3,Prealpi Orientali,,,,
16107,Gandellino,Bergamo,3,Prealpi Orientali,,,,
16108,Gandino,Bergamo,3,Prealpi Orientali,,,,
16109,Gandosso,Bergamo,3,Prealpi Orientali,,,,
16110,Gaverina Terme,Bergamo,3,Prealpi Orientali,,,,
16111,Gazzaniga,Bergamo,3,Prealpi Orientali,,,,
16114,Gorlago,Bergamo,3,Prealpi Orientali,,,,
16115,Gorle,Bergamo,3,Prealpi Orientali,,,,
16116,Gorno,Bergamo,3,Prealpi Orientali,,,,
16118,Gromo,Bergamo,3,Prealpi Orientali,,,,
16119,Grone,Bergamo,3,Prealpi Orientali,,,,
16120,Grumello del Monte,Bergamo,3,Prealpi Orientali,,,,
16121,Isola di Fondra,Bergamo,3,Prealpi Orientali,,,,
16124,Leffe,Bergamo,3,Prealpi Orientali,,,,
16125,Lenna,Bergamo,3,Prealpi Orientali,,,,
16127,Locatello,Bergamo,3,Prealpi Orientali,,,,
16128,Lovere,Bergamo,3,Prealpi Orientali,,,,
16130,Luzzana,Bergamo,3,Prealpi Orientali,,,,
16134,Mezzoldo,Bergamo,3,Prealpi Orientali,,,,
16136,Moio de' Calvi,Bergamo,3,Prealpi Orientali,,,,
16137,Monasterolo del Castello,Bergamo,3,Prealpi Orientali,,,,
16139,Montello,Bergamo,3,Prealpi Orientali,,,,
16144,Nembro,Bergamo,3,Prealpi Orientali,,,,
16145,Olmo al Brembo,Bergamo,3,Prealpi Orientali,,,,
16146,Oltre il Colle,Bergamo,3,Prealpi Orientali,,,,
16147,Oltressenda Alta,Bergamo,3,Prealpi Orientali,,,,
16148,Oneta,Bergamo,3,Prealpi Orientali,,,,
16149,Onore,Bergamo,3,Prealpi Orientali,,,,
16151,Ornica,Bergamo,3,Prealpi Orientali,,,,
16155,Paladina,Bergamo,3,Prealpi Orientali,,,,
16156,Palazzago,Bergamo,3,Prealpi Orientali,,,,
16158,Parre,Bergamo,3,Prealpi Orientali,,,,
16159,Parzanica,Bergamo,3,Prealpi Orientali,,,,
16160,Pedrengo,Bergamo,3,Prealpi Orientali,,,,
16161,Peia,Bergamo,3,Prealpi Orientali,,,,
16162,Pianico,Bergamo,3,Prealpi Orientali,,,,
16163,Piario,Bergamo,3,Prealpi Orientali,,,,
16164,Piazza Brembana,Bergamo,3,Prealpi Orientali,,,,
16165,Piazzatorre,Bergamo,3,Prealpi Orientali,,,,
16166,Piazzolo,Bergamo,3,Prealpi Orientali,,,,
16168,Ponte Nossa,Bergamo,3,Prealpi Orientali,,,,
16169,Ponteranica,Bergamo,3,Prealpi Orientali,,,,
16171,Pontida,Bergamo,3,Prealpi Orientali,,,,
16173,Pradalunga,Bergamo,3,Prealpi Orientali,,,,
16174,Predore,Bergamo,3,Prealpi Orientali,,,,
16175,Premolo,Bergamo,3,Prealpi Orientali,,,,
16178,Ranica,Bergamo,3,Prealpi Orientali,,,,
16179,Ranzanico,Bergamo,3,Prealpi Orientali,,,,
16180,Riva di Solto,Bergamo,3,Prealpi Orientali,,,,
16182,Rogno,Bergamo,3,Prealpi Orientali,,,,
16184,Roncobello,Bergamo,3,Prealpi Orientali,,,,
16185,Roncola,Bergamo,3,Prealpi Orientali,,,,
16186,Rota d'Imagna,Bergamo,3,Prealpi Orientali,,,,
16187,Rovetta,Bergamo,3,Prealpi Orientali,,,,
16188,San Giovanni Bianco,Bergamo,3,Prealpi Orientali,,,,
16189,San Paolo d'Argon,Bergamo,3,Prealpi Orientali,,,,
16190,San Pellegrino Terme,Bergamo,3,Prealpi Orientali,,,,
16191,Santa Brigida,Bergamo,3,Prealpi Orientali,,,,
16193,Sarnico,Bergamo,3,Prealpi Orientali,,,,
16194,Scanzorosciate,Bergamo,3,Prealpi Orientali,,,,
16195,Schilpario,Bergamo,3,Prealpi Orientali,,,,
16196,Sedrina,Bergamo,3,Prealpi Orientali,,,,
16197,Selvino,Bergamo,3,Prealpi Orientali,,,,
16199,Serina,Bergamo,3,Prealpi Orientali,,,,
16200,Solto Collina,Bergamo,3,Prealpi Orientali,,,,
16201,Songavazzo,Bergamo,3,Prealpi Orientali,,,,
16202,Sorisole,Bergamo,3,Prealpi Orientali,,,,
16204,Sovere,Bergamo,3,Prealpi Orientali,,,,
16205,Spinone al Lago,Bergamo,3,Prealpi Orientali,,,,
16208,Strozza,Bergamo,3,Prealpi Orientali,,,,
16210,Taleggio,Bergamo,3,Prealpi Orientali,,,,
16211,Tavernola Bergamasca,Bergamo,3,Prealpi Orientali,,,,
16214,Torre Boldone,Bergamo,3,Prealpi Orientali,,,,
16216,Torre de' Roveri,Bergamo,3,Prealpi Orientali,,,,
16218,Trescore Balneario,Bergamo,3,Prealpi Orientali,,,,
16221,Ubiale Clanezzo,Bergamo,3,Prealpi Orientali,,,,
16223,Valbondione,Bergamo,3,Prealpi Orientali,,,,
16225,Valgoglio,Bergamo,3,Prealpi Orientali,,,,
16226,Valleve,Bergamo,3,Prealpi Orientali,,,,
16227,Valnegra,Bergamo,3,Prealpi Orientali,,,,
16229,Valtorta,Bergamo,3,Prealpi Orientali,,,,
16230,Vedeseta,Bergamo,3,Prealpi Orientali,,,,
16234,Vertova,Bergamo,3,Prealpi Orientali,,,,
16235,Viadanica,Bergamo,3,Prealpi Orientali,,,,
16236,Vigano San Martino,Bergamo,3,Prealpi Orientali,,,,
16237,Vigolo,Bergamo,3,Prealpi Orientali,,,,
16239,Villa d'Alme',Bergamo,3,Prealpi Orientali,,,,
16240,Villa di Serio,Bergamo,3,Prealpi Orientali,,,,
16241,Villa d'Ogna,Bergamo,3,Prealpi Orientali,,,,
16242,Villongo,Bergamo,3,Prealpi Orientali,,,,
16243,Vilminore di Scalve,Bergamo,3,Prealpi Orientali,,,,
16244,Zandobbio,Bergamo,3,Prealpi Orientali,,,,
16246,Zogno,Bergamo,3,Prealpi Orientali,,,,
16247,Costa Serina,Bergamo,3,Prealpi Orientali,,,,
16248,Algua,Bergamo,3,Prealpi Orientali,,,,
16249,Cornalba,Bergamo,3,Prealpi Orientali,,,,
16252,Sant'Omobono Terme,Bergamo,3,Prealpi Orientali,,,,
16253,Val Brembilla,Bergamo,3,Prealpi Orientali,,,,
17002,Adro,Brescia,3,Prealpi Orientali,,,,
17003,Agnosine,Brescia,3,Prealpi Orientali,,,,
17005,Anfo,Brescia,3,Prealpi Orientali,,,,
17006,Angolo Terme,Brescia,3,Prealpi Orientali,,,,
17007,Artogne,Brescia,3,Prealpi Orientali,,,,
17010,Bagolino,Brescia,3,Prealpi Orientali,,,,
17012,Barghe,Brescia,3,Prealpi Orientali,,,,
17016,Berzo Demo,Brescia,3,Prealpi Orientali,,,,
17017,Berzo Inferiore,Brescia,3,Prealpi Orientali,,,,
17018,Bienno,Brescia,3,Prealpi Orientali,,,,
17019,Bione,Brescia,3,Prealpi Orientali,,,,
17022,Borno,Brescia,3,Prealpi Orientali,,,,
17024,Bovegno,Brescia,3,Prealpi Orientali,,,,
17025,Bovezzo,Brescia,3,Prealpi Orientali,,,,
17027,Braone,Brescia,3,Prealpi Orientali,,,,
17028,Breno,Brescia,3,Prealpi Orientali,,,,
17030,Brione,Brescia,3,Prealpi Orientali,,,,
17031,Caino,Brescia,3,Prealpi Orientali,,,,
17035,Capo di Ponte,Brescia,3,Prealpi Orientali,,,,
17036,Capovalle,Brescia,3,Prealpi Orientali,,,,
17038,Capriolo,Brescia,3,Prealpi Orientali,,,,
17044,Casto,Brescia,3,Prealpi Orientali,,,,
17047,Cedegolo,Brescia,3,Prealpi Orientali,,,,
17049,Cerveno,Brescia,3,Prealpi Orientali,,,,
17050,Ceto,Brescia,3,Prealpi Orientali,,,,
17051,Cevo,Brescia,3,Prealpi Orientali,,,,
17054,Cimbergo,Brescia,3,Prealpi Orientali,,,,
17055,Cividate Camuno,Brescia,3,Prealpi Orientali,,,,
17058,Collio,Brescia,3,Prealpi Orientali,,,,
17061,Concesio,Brescia,3,Prealpi Orientali,,,,
17062,Corte Franca,Brescia,3,Prealpi Orientali,,,,
17063,Corteno Golgi,Brescia,3,Prealpi Orientali,,,,
17065,Darfo Boario Terme,Brescia,3,Prealpi Orientali,,,,
17068,Edolo,Brescia,3,Prealpi Orientali,,,,
17070,Esine,Brescia,3,Prealpi Orientali,,,,
17074,Gardone Riviera,Brescia,3,Prealpi Orientali,,,,
17075,Gardone Val Trompia,Brescia,3,Prealpi Orientali,,,,
17076,Gargnano,Brescia,3,Prealpi Orientali,,,,
17077,Gavardo,Brescia,3,Prealpi Orientali,,,,
17079,Gianico,Brescia,3,Prealpi Orientali,,,,
17082,Idro,Brescia,3,Prealpi Orientali,,,,
17083,Incudine,Brescia,3,Prealpi Orientali,,,,
17084,Irma,Brescia,3,Prealpi Orientali,,,,
17085,Iseo,Brescia,3,Prealpi Orientali,,,,
17087,Lavenone,Brescia,3,Prealpi Orientali,,,,
17089,Limone sul Garda,Brescia,3,Prealpi Orientali,,,,
17090,Lodrino,Brescia,3,Prealpi Orientali,,,,
17094,Losine,Brescia,3,Prealpi Orientali,,,,
17095,Lozio,Brescia,3,Prealpi Orientali,,,,
17096,Lumezzane,Brescia,3,Prealpi Orientali,,,,
17098,Magasa,Brescia,3,Prealpi Orientali,,,,
17100,Malegno,Brescia,3,Prealpi Orientali,,,,
17101,Malonno,Brescia,3,Prealpi Orientali,,,,
17104,Marcheno,Brescia,3,Prealpi Orientali,,,,
17105,Marmentino,Brescia,3,Prealpi Orientali,,,,
17106,Marone,Brescia,3,Prealpi Orientali,,,,
17110,Monno,Brescia,3,Prealpi Orientali,,,,
17111,Monte Isola,Brescia,3,Prealpi Orientali,,,,
17112,Monticelli Brusati,Brescia,3,Prealpi Orientali,,,,
17115,Mura,Brescia,3,Prealpi Orientali,,,,
17117,Nave,Brescia,3,Prealpi Orientali,,,,
17118,Niardo,Brescia,3,Prealpi Orientali,,,,
17121,Odolo,Brescia,3,Prealpi Orientali,,,,
17123,Ome,Brescia,3,Prealpi Orientali,,,,
17124,Ono San Pietro,Brescia,3,Prealpi Orientali,,,,
17128,Ossimo,Brescia,3,Prealpi Orientali,,,,
17131,Paisco Loveno,Brescia,3,Prealpi Orientali,,,,
17132,Paitone,Brescia,3,Prealpi Orientali,,,,
17134,Paratico,Brescia,3,Prealpi Orientali,,,,
17135,Paspardo,Brescia,3,Prealpi Orientali,,,,
17139,Pertica Alta,Brescia,3,Prealpi Orientali,,,,
17140,Pertica Bassa,Brescia,3,Prealpi Orientali,,,,
17141,Pezzaze,Brescia,3,Prealpi Orientali,,,,
17142,Pian Camuno,Brescia,3,Prealpi Orientali,,,,
17143,Pisogne,Brescia,3,Prealpi Orientali,,,,
17144,Polaveno,Brescia,3,Prealpi Orientali,,,,
17148,Ponte di Legno,Brescia,3,Prealpi Orientali,,,,
17153,Preseglie,Brescia,3,Prealpi Orientali,,,,
17154,Prestine,Brescia,3,Prealpi Orientali,,,,
17156,Provaglio d'Iseo,Brescia,3,Prealpi Orientali,,,,
17157,Provaglio Val Sabbia,Brescia,3,Prealpi Orientali,,,,
17164,Roe' Volciano,Brescia,3,Prealpi Orientali,,,,
17168,Sabbio Chiese,Brescia,3,Prealpi Orientali,,,,
17169,Sale Marasino,Brescia,3,Prealpi Orientali,,,,
17170,Salo,Brescia,3,Prealpi Orientali,,,,
17174,Sarezzo,Brescia,3,Prealpi Orientali,,,,
17175,Saviore dell'Adamello,Brescia,3,Prealpi Orientali,,,,
17176,Sellero,Brescia,3,Prealpi Orientali,,,,
17178,Serle,Brescia,3,Prealpi Orientali,,,,
17181,Sonico,Brescia,3,Prealpi Orientali,,,,
17182,Sulzano,Brescia,3,Prealpi Orientali,,,,
17183,Tavernole sul Mella,Brescia,3,Prealpi Orientali,,,,
17184,Temu',Brescia,3,Prealpi Orientali,,,,
17185,Tignale,Brescia,3,Prealpi Orientali,,,,
17187,Toscolano-Maderno,Brescia,3,Prealpi Orientali,,,,
17189,Tremosine sul Garda,Brescia,3,Prealpi Orientali,,,,
17191,Treviso Bresciano,Brescia,3,Prealpi Orientali,,,,
17193,Vallio Terme,Brescia,3,Prealpi Orientali,,,,
17194,Valvestino,Brescia,3,Prealpi Orientali,,,,
17197,Vestone,Brescia,3,Prealpi Orientali,,,,
17198,Vezza d'Oglio,Brescia,3,Prealpi Orientali,,,,
17199,Villa Carcina,Brescia,3,Prealpi Orientali,,,,
17201,Villanuova sul Clisi,Brescia,3,Prealpi Orientali,,,,
17202,Vione,Brescia,3,Prealpi Orientali,,,,
17204,Vobarno,Brescia,3,Prealpi Orientali,,,,
17205,Zone,Brescia,3,Prealpi Orientali,,,,
17206,Piancogno,Brescia,3,Prealpi Orientali,,,,
15002,Abbiategrasso,Milano,4,Pianura Occidentale,,,,
15005,Albairate,Milano,4,Pianura Occidentale,,,,
15007,Arconate,Milano,4,Pianura Occidentale,,,,
15009,Arese,Milano,4,Pianura Occidentale,,,,
15010,Arluno,Milano,4,Pianura Occidentale,,,,
15011,Assago,Milano,4,Pianura Occidentale,,,,
15012,Bareggio,Milano,4,Pianura Occidentale,,,,
15014,Basiano,Milano,4,Pianura Occidentale,,,,
15015,Basiglio,Milano,4,Pianura Occidentale,,,,
15016,Bellinzago Lombardo,Milano,4,Pianura Occidentale,,,,
15019,Bernate Ticino,Milano,4,Pianura Occidentale,,,,
15022,Besate,Milano,4,Pianura Occidentale,,,,
15024,Binasco,Milano,4,Pianura Occidentale,,,,
15026,Boffalora sopra Ticino,Milano,4,Pianura Occidentale,,,,
15027,Bollate,Milano,4,Pianura Occidentale,,,,
15032,Bresso,Milano,4,Pianura Occidentale,,,,
15035,Bubbiano,Milano,4,Pianura Occidentale,,,,
15036,Buccinasco,Milano,4,Pianura Occidentale,,,,
15038,Buscate,Milano,4,Pianura Occidentale,,,,
15040,Bussero,Milano,4,Pianura Occidentale,,,,
15041,Busto Garolfo,Milano,4,Pianura Occidentale,,,,
15042,Calvignasco,Milano,4,Pianura Occidentale,,,,
15044,Cambiago,Milano,4,Pianura Occidentale,,,,
15046,Canegrate,Milano,4,Pianura Occidentale,,,,
15050,Carpiano,Milano,4,Pianura Occidentale,,,,
15051,Carugate,Milano,4,Pianura Occidentale,,,,
15055,Casarile,Milano,4,Pianura Occidentale,,,,
15058,Casorezzo,Milano,4,Pianura Occidentale,,,,
15059,Cassano d'Adda,Milano,4,Pianura Occidentale,,,,
15060,Cassina de' Pecchi,Milano,4,Pianura Occidentale,,,,
15061,Cassinetta di Lugagnano,Milano,4,Pianura Occidentale,,,,
15062,Castano Primo,Milano,4,Pianura Occidentale,,,,
15070,Cernusco sul Naviglio,Milano,4,Pianura Occidentale,,,,
15071,Cerro al Lambro,Milano,4,Pianura Occidentale,,,,
15072,Cerro Maggiore,Milano,4,Pianura Occidentale,,,,
15074,Cesano Boscone,Milano,4,Pianura Occidentale,,,,
15076,Cesate,Milano,4,Pianura Occidentale,,,,
15077,Cinisello Balsamo,Milano,4,Pianura Occidentale,,,,
15078,Cisliano,Milano,4,Pianura Occidentale,,,,
15081,Cologno Monzese,Milano,4,Pianura Occidentale,,,,
15082,Colturano,Milano,4,Pianura Occidentale,,,,
15085,Corbetta,Milano,4,Pianura Occidentale,,,,
15086,Cormano,Milano,4,Pianura Occidentale,,,,
15087,Cornaredo,Milano,4,Pianura Occidentale,,,,
15093,Corsico,Milano,4,Pianura Occidentale,,,,
15096,Cuggiono,Milano,4,Pianura Occidentale,,,,
15097,Cusago,Milano,4,Pianura Occidentale,,,,
15098,Cusano Milanino,Milano,4,Pianura Occidentale,,,,
15099,Dairago,Milano,4,Pianura Occidentale,,,,
15101,Dresano,Milano,4,Pianura Occidentale,,,,
15103,Gaggiano,Milano,4,Pianura Occidentale,,,,
15105,Garbagnate Milanese,Milano,4,Pianura Occidentale,,,,
15106,Gessate,Milano,4,Pianura Occidentale,,,,
15108,Gorgonzola,Milano,4,Pianura Occidentale,,,,
15110,Grezzago,Milano,4,Pianura Occidentale,,,,
15112,Gudo Visconti,Milano,4,Pianura Occidentale,,,,
15113,Inveruno,Milano,4,Pianura Occidentale,,,,
15114,Inzago,Milano,4,Pianura Occidentale,,,,
15115,Lacchiarella,Milano,4,Pianura Occidentale,,,,
15116,Lainate,Milano,4,Pianura Occidentale,,,,
15118,Legnano,Milano,4,Pianura Occidentale,,,,
15122,Liscate,Milano,4,Pianura Occidentale,,,,
15125,Locate di Triulzi,Milano,4,Pianura Occidentale,,,,
15130,Magenta,Milano,4,Pianura Occidentale,,,,
15131,Magnago,Milano,4,Pianura Occidentale,,,,
15134,Marcallo con Casone,Milano,4,Pianura Occidentale,,,,
15136,Masate,Milano,4,Pianura Occidentale,,,,
15139,Mediglia,Milano,4,Pianura Occidentale,,,,
15140,Melegnano,Milano,4,Pianura Occidentale,,,,
15142,Melzo,Milano,4,Pianura Occidentale,,,,
15144,Mesero,Milano,4,Pianura Occidentale,,,,
15146,Milano,Milano,4,Pianura Occidentale,,,,
15150,Morimondo,Milano,4,Pianura Occidentale,,,,
15151,Motta Visconti,Milano,4,Pianura Occidentale,,,,
15154,Nerviano,Milano,4,Pianura Occidentale,,,,
15155,Nosate,Milano,4,Pianura Occidentale,,,,
15157,Novate Milanese,Milano,4,Pianura Occidentale,,,,
15158,Noviglio,Milano,4,Pianura Occidentale,,,,
15159,Opera,Milano,4,Pianura Occidentale,,,,
15164,Ossona,Milano,4,Pianura Occidentale,,,,
15165,Ozzero,Milano,4,Pianura Occidentale,,,,
15166,Paderno Dugnano,Milano,4,Pianura Occidentale,,,,
15167,Pantigliate,Milano,4,Pianura Occidentale,,,,
15168,Parabiago,Milano,4,Pianura Occidentale,,,,
15169,Paullo,Milano,4,Pianura Occidentale,,,,
15170,Pero,Milano,4,Pianura Occidentale,,,,
15171,Peschiera Borromeo,Milano,4,Pianura Occidentale,,,,
15172,Pessano con Bornago,Milano,4,Pianura Occidentale,,,,
15173,Pieve Emanuele,Milano,4,Pianura Occidentale,,,,
15175,Pioltello,Milano,4,Pianura Occidentale,,,,
15176,Pogliano Milanese,Milano,4,Pianura Occidentale,,,,
15177,Pozzo d'Adda,Milano,4,Pianura Occidentale,,,,
15178,Pozzuolo Martesana,Milano,4,Pianura Occidentale,,,,
15179,Pregnana Milanese,Milano,4,Pianura Occidentale,,,,
15181,Rescaldina,Milano,4,Pianura Occidentale,,,,
15182,Rho,Milano,4,Pianura Occidentale,,,,
15183,Robecchetto con Induno,Milano,4,Pianura Occidentale,,,,
15184,Robecco sul Naviglio,Milano,4,Pianura Occidentale,,,,
15185,Rodano,Milano,4,Pianura Occidentale,,,,
15188,Rosate,Milano,4,Pianura Occidentale,,,,
15189,Rozzano,Milano,4,Pianura Occidentale,,,,
15191,San Colombano al Lambro,Milano,4,Pianura Occidentale,,,,
15192,San Donato Milanese,Milano,4,Pianura Occidentale,,,,
15194,San Giorgio su Legnano,Milano,4,Pianura Occidentale,,,,
15195,San Giuliano Milanese,Milano,4,Pianura Occidentale,,,,
15200,Santo Stefano Ticino,Milano,4,Pianura Occidentale,,,,
15201,San Vittore Olona,Milano,4,Pianura Occidentale,,,,
15202,San Zenone al Lambro,Milano,4,Pianura Occidentale,,,,
15204,Sedriano,Milano,4,Pianura Occidentale,,,,
15205,Segrate,Milano,4,Pianura Occidentale,,,,
15206,Senago,Milano,4,Pianura Occidentale,,,,
15209,Sesto San Giovanni,Milano,4,Pianura Occidentale,,,,
15210,Settala,Milano,4,Pianura Occidentale,,,,
15211,Settimo Milanese,Milano,4,Pianura Occidentale,,,,
15213,Solaro,Milano,4,Pianura Occidentale,,,,
15219,Trezzano Rosa,Milano,4,Pianura Occidentale,,,,
15220,Trezzano sul Naviglio,Milano,4,Pianura Occidentale,,,,
15221,Trezzo sull'Adda,Milano,4,Pianura Occidentale,,,,
15222,Tribiano,Milano,4,Pianura Occidentale,,,,
15224,Truccazzano,Milano,4,Pianura Occidentale,,,,
15226,Turbigo,Milano,4,Pianura Occidentale,,,,
15229,Vanzago,Milano,4,Pianura Occidentale,,,,
15230,Vaprio d'Adda,Milano,4,Pianura Occidentale,,,,
15236,Vernate,Milano,4,Pianura Occidentale,,,,
15237,Vignate,Milano,4,Pianura Occidentale,,,,
15242,Vimodrone,Milano,4,Pianura Occidentale,,,,
15243,Vittuone,Milano,4,Pianura Occidentale,,,,
15244,Vizzolo Predabissi,Milano,4,Pianura Occidentale,,,,
15247,Zibido San Giacomo,Milano,4,Pianura Occidentale,,,,
15248,Villa Cortese,Milano,4,Pianura Occidentale,,,,
15249,Vanzaghello,Milano,4,Pianura Occidentale,,,,
15250,Baranzate,Milano,4,Pianura Occidentale,,,,
15251,Vermezzo con Zelo,Milano,4,Pianura Occidentale,,,,
18001,Alagna,Pavia,4,Pianura Occidentale,,,,
18002,Albaredo Arnaboldi,Pavia,4,Pianura Occidentale,,,,
18003,Albonese,Pavia,4,Pianura Occidentale,,,,
18004,Albuzzano,Pavia,4,Pianura Occidentale,,,,
18005,Arena Po,Pavia,4,Pianura Occidentale,,,,
18006,Badia Pavese,Pavia,4,Pianura Occidentale,,,,
18007,Bagnaria,Pavia,4,Pianura Occidentale,,,,
18008,Barbianello,Pavia,4,Pianura Occidentale,,,,
18009,Bascape',Pavia,4,Pianura Occidentale,,,,
18011,Bastida Pancarana,Pavia,4,Pianura Occidentale,,,,
18012,Battuda,Pavia,4,Pianura Occidentale,,,,
18013,Belgioioso,Pavia,4,Pianura Occidentale,,,,
18014,Bereguardo,Pavia,4,Pianura Occidentale,,,,
18015,Borgarello,Pavia,4,Pianura Occidentale,,,,
18016,Borgo Priolo,Pavia,4,Pianura Occidentale,,,,
18017,Borgoratto Mormorolo,Pavia,4,Pianura Occidentale,,,,
18018,Borgo San Siro,Pavia,4,Pianura Occidentale,,,,
18019,Bornasco,Pavia,4,Pianura Occidentale,,,,
18020,Bosnasco,Pavia,4,Pianura Occidentale,,,,
18021,Brallo di Pregola,Pavia,4,Pianura Occidentale,,,,
18022,Breme,Pavia,4,Pianura Occidentale,,,,
18023,Bressana Bottarone,Pavia,4,Pianura Occidentale,,,,
18024,Broni,Pavia,4,Pianura Occidentale,,,,
18025,Calvignano,Pavia,4,Pianura Occidentale,,,,
18026,Campospinoso,Pavia,4,Pianura Occidentale,,,,
18027,Candia Lomellina,Pavia,4,Pianura Occidentale,,,,
18029,Canneto Pavese,Pavia,4,Pianura Occidentale,,,,
18030,Carbonara al Ticino,Pavia,4,Pianura Occidentale,,,,
18031,Casanova Lonati,Pavia,4,Pianura Occidentale,,,,
18032,Casatisma,Pavia,4,Pianura Occidentale,,,,
18033,Casei Gerola,Pavia,4,Pianura Occidentale,,,,
18034,Casorate Primo,Pavia,4,Pianura Occidentale,,,,
18035,Cassolnovo,Pavia,4,Pianura Occidentale,,,,
18036,Castana,Pavia,4,Pianura Occidentale,,,,
18037,Casteggio,Pavia,4,Pianura Occidentale,,,,
18038,Castelletto di Branduzzo,Pavia,4,Pianura Occidentale,,,,
18039,Castello d'Agogna,Pavia,4,Pianura Occidentale,,,,
18040,Castelnovetto,Pavia,4,Pianura Occidentale,,,,
18041,Cava Manara,Pavia,4,Pianura Occidentale,,,,
18042,Cecima,Pavia,4,Pianura Occidentale,,,,
18043,Ceranova,Pavia,4,Pianura Occidentale,,,,
18044,Ceretto Lomellina,Pavia,4,Pianura Occidentale,,,,
18045,Cergnago,Pavia,4,Pianura Occidentale,,,,
18046,Certosa di Pavia,Pavia,4,Pianura Occidentale,,,,
18047,Cervesina,Pavia,4,Pianura Occidentale,,,,
18048,Chignolo Po,Pavia,4,Pianura Occidentale,,,,
18049,Cigognola,Pavia,4,Pianura Occidentale,,,,
18050,Cilavegna,Pavia,4,Pianura Occidentale,,,,
18051,Codevilla,Pavia,4,Pianura Occidentale,,,,
18052,Confienza,Pavia,4,Pianura Occidentale,,,,
18053,Copiano,Pavia,4,Pianura Occidentale,,,,
18054,Corana,Pavia,4,Pianura Occidentale,,,,
18057,Corvino San Quirico,Pavia,4,Pianura Occidentale,,,,
18058,Costa de' Nobili,Pavia,4,Pianura Occidentale,,,,
18059,Cozzo,Pavia,4,Pianura Occidentale,,,,
18060,Cura Carpignano,Pavia,4,Pianura Occidentale,,,,
18061,Dorno,Pavia,4,Pianura Occidentale,,,,
18062,Ferrera Erbognone,Pavia,4,Pianura Occidentale,,,,
18063,Filighera,Pavia,4,Pianura Occidentale,,,,
18064,Fortunago,Pavia,4,Pianura Occidentale,,,,
18065,Frascarolo,Pavia,4,Pianura Occidentale,,,,
18066,Galliavola,Pavia,4,Pianura Occidentale,,,,
18067,Gambarana,Pavia,4,Pianura Occidentale,,,,
18068,Gambolo',Pavia,4,Pianura Occidentale,,,,
18069,Garlasco,Pavia,4,Pianura Occidentale,,,,
18071,Gerenzago,Pavia,4,Pianura Occidentale,,,,
18072,Giussago,Pavia,4,Pianura Occidentale,,,,
18073,Godiasco Salice Terme,Pavia,4,Pianura Occidentale,,,,
18074,Golferenzo,Pavia,4,Pianura Occidentale,,,,
18075,Gravellona Lomellina,Pavia,4,Pianura Occidentale,,,,
18076,Gropello Cairoli,Pavia,4,Pianura Occidentale,,,,
18077,Inverno e Monteleone,Pavia,4,Pianura Occidentale,,,,
18078,Landriano,Pavia,4,Pianura Occidentale,,,,
18079,Langosco,Pavia,4,Pianura Occidentale,,,,
18080,Lardirago,Pavia,4,Pianura Occidentale,,,,
18081,Linarolo,Pavia,4,Pianura Occidentale,,,,
18082,Lirio,Pavia,4,Pianura Occidentale,,,,
18083,Lomello,Pavia,4,Pianura Occidentale,,,,
18084,Lungavilla,Pavia,4,Pianura Occidentale,,,,
18085,Magherno,Pavia,4,Pianura Occidentale,,,,
18086,Marcignago,Pavia,4,Pianura Occidentale,,,,
18087,Marzano,Pavia,4,Pianura Occidentale,,,,
18088,Mede,Pavia,4,Pianura Occidentale,,,,
18089,Menconico,Pavia,4,Pianura Occidentale,,,,
18090,Mezzana Bigli,Pavia,4,Pianura Occidentale,,,,
18091,Mezzana Rabattone,Pavia,4,Pianura Occidentale,,,,
18092,Mezzanino,Pavia,4,Pianura Occidentale,,,,
18093,Miradolo Terme,Pavia,4,Pianura Occidentale,,,,
18094,Montalto Pavese,Pavia,4,Pianura Occidentale,,,,
18095,Montebello della Battaglia,Pavia,4,Pianura Occidentale,,,,
18096,Montecalvo Versiggia,Pavia,4,Pianura Occidentale,,,,
18097,Montescano,Pavia,4,Pianura Occidentale,,,,
18098,Montesegale,Pavia,4,Pianura Occidentale,,,,
18099,Monticelli Pavese,Pavia,4,Pianura Occidentale,,,,
18100,Montu' Beccaria,Pavia,4,Pianura Occidentale,,,,
18101,Mornico Losana,Pavia,4,Pianura Occidentale,,,,
18102,Mortara,Pavia,4,Pianura Occidentale,,,,
18103,Nicorvo,Pavia,4,Pianura Occidentale,,,,
18104,Olevano di Lomellina,Pavia,4,Pianura Occidentale,,,,
18105,Oliva Gessi,Pavia,4,Pianura Occidentale,,,,
18106,Ottobiano,Pavia,4,Pianura Occidentale,,,,
18107,Palestro,Pavia,4,Pianura Occidentale,,,,
18108,Pancarana,Pavia,4,Pianura Occidentale,,,,
18109,Parona,Pavia,4,Pianura Occidentale,,,,
18110,Pavia,Pavia,4,Pianura Occidentale,,,,
18111,Pietra de' Giorgi,Pavia,4,Pianura Occidentale,,,,
18112,Pieve Albignola,Pavia,4,Pianura Occidentale,,,,
18113,Pieve del Cairo,Pavia,4,Pianura Occidentale,,,,
18114,Pieve Porto Morone,Pavia,4,Pianura Occidentale,,,,
18115,Pinarolo Po,Pavia,4,Pianura Occidentale,,,,
18116,Pizzale,Pavia,4,Pianura Occidentale,,,,
18117,Ponte Nizza,Pavia,4,Pianura Occidentale,,,,
18118,Portalbera,Pavia,4,Pianura Occidentale,,,,
18119,Rea,Pavia,4,Pianura Occidentale,,,,
18120,Redavalle,Pavia,4,Pianura Occidentale,,,,
18121,Retorbido,Pavia,4,Pianura Occidentale,,,,
18122,Rivanazzano Terme,Pavia,4,Pianura Occidentale,,,,
18123,Robbio,Pavia,4,Pianura Occidentale,,,,
18124,Robecco Pavese,Pavia,4,Pianura Occidentale,,,,
18125,Rocca de' Giorgi,Pavia,4,Pianura Occidentale,,,,
18126,Rocca Susella,Pavia,4,Pianura Occidentale,,,,
18127,Rognano,Pavia,4,Pianura Occidentale,,,,
18128,Romagnese,Pavia,4,Pianura Occidentale,,,,
18129,Roncaro,Pavia,4,Pianura Occidentale,,,,
18130,Rosasco,Pavia,4,Pianura Occidentale,,,,
18131,Rovescala,Pavia,4,Pianura Occidentale,,,,
18133,San Cipriano Po,Pavia,4,Pianura Occidentale,,,,
18134,San Damiano al Colle,Pavia,4,Pianura Occidentale,,,,
18135,San Genesio ed Uniti,Pavia,4,Pianura Occidentale,,,,
18136,San Giorgio di Lomellina,Pavia,4,Pianura Occidentale,,,,
18137,San Martino Siccomario,Pavia,4,Pianura Occidentale,,,,
18138,Sannazzaro de' Burgondi,Pavia,4,Pianura Occidentale,,,,
18139,Santa Cristina e Bissone,Pavia,4,Pianura Occidentale,,,,
18140,Santa Giuletta,Pavia,4,Pianura Occidentale,,,,
18141,Sant'Alessio con Vialone,Pavia,4,Pianura Occidentale,,,,
18142,Santa Margherita di Staffora,Pavia,4,Pianura Occidentale,,,,
18143,Santa Maria della Versa,Pavia,4,Pianura Occidentale,,,,
18144,Sant'Angelo Lomellina,Pavia,4,Pianura Occidentale,,,,
18145,San Zenone al Po,Pavia,4,Pianura Occidentale,,,,
18146,Sartirana Lomellina,Pavia,4,Pianura Occidentale,,,,
18147,Scaldasole,Pavia,4,Pianura Occidentale,,,,
18148,Semiana,Pavia,4,Pianura Occidentale,,,,
18149,Silvano Pietra,Pavia,4,Pianura Occidentale,,,,
18150,Siziano,Pavia,4,Pianura Occidentale,,,,
18151,Sommo,Pavia,4,Pianura Occidentale,,,,
18152,Spessa,Pavia,4,Pianura Occidentale,,,,
18153,Stradella,Pavia,4,Pianura Occidentale,,,,
18154,Suardi,Pavia,4,Pianura Occidentale,,,,
18155,Torrazza Coste,Pavia,4,Pianura Occidentale,,,,
18156,Torre Beretti e Castellaro,Pavia,4,Pianura Occidentale,,,,
18157,Torre d'Arese,Pavia,4,Pianura Occidentale,,,,
18158,Torre de' Negri,Pavia,4,Pianura Occidentale,,,,
18159,Torre d'Isola,Pavia,4,Pianura Occidentale,,,,
18160,Torrevecchia Pia,Pavia,4,Pianura Occidentale,,,,
18161,Torricella Verzate,Pavia,4,Pianura Occidentale,,,,
18162,Travaco' Siccomario,Pavia,4,Pianura Occidentale,,,,
18163,Trivolzio,Pavia,4,Pianura Occidentale,,,,
18164,Tromello,Pavia,4,Pianura Occidentale,,,,
18165,Trovo,Pavia,4,Pianura Occidentale,,,,
18166,Val di Nizza,Pavia,4,Pianura Occidentale,,,,
18167,Valeggio,Pavia,4,Pianura Occidentale,,,,
18168,Valle Lomellina,Pavia,4,Pianura Occidentale,,,,
18169,Valle Salimbene,Pavia,4,Pianura Occidentale,,,,
18171,Varzi,Pavia,4,Pianura Occidentale,,,,
18172,Velezzo Lomellina,Pavia,4,Pianura Occidentale,,,,
18173,Vellezzo Bellini,Pavia,4,Pianura Occidentale,,,,
18174,Verretto,Pavia,4,Pianura Occidentale,,,,
18175,Verrua Po,Pavia,4,Pianura Occidentale,,,,
18176,Vidigulfo,Pavia,4,Pianura Occidentale,,,,
18177,Vigevano,Pavia,4,Pianura Occidentale,,,,
18178,Villa Biscossi,Pavia,4,Pianura Occidentale,,,,
18179,Villanova d'Ardenghi,Pavia,4,Pianura Occidentale,,,,
18180,Villanterio,Pavia,4,Pianura Occidentale,,,,
18181,Vistarino,Pavia,4,Pianura Occidentale,,,,
18182,Voghera,Pavia,4,Pianura Occidentale,,,,
18183,Volpara,Pavia,4,Pianura Occidentale,,,,
18184,Zavattarello,Pavia,4,Pianura Occidentale,,,,
18185,Zeccone,Pavia,4,Pianura Occidentale,,,,
18186,Zeme,Pavia,4,Pianura Occidentale,,,,
18187,Zenevredo,Pavia,4,Pianura Occidentale,,,,
18188,Zerbo,Pavia,4,Pianura Occidentale,,,,
18189,Zerbolo',Pavia,4,Pianura Occidentale,,,,
18190,Zinasco,Pavia,4,Pianura Occidentale,,,,
18191,Cornale e Bastida,Pavia,4,Pianura Occidentale,,,,
18192,Corteolona e Genzone,Pavia,4,Pianura Occidentale,,,,
18193,Colli Verdi,Pavia,4,Pianura Occidentale,,,,
98001,Abbadia Cerreto,Lodi,4,Pianura Occidentale,,,,
98002,Bertonico,Lodi,4,Pianura Occidentale,,,,
98003,Boffalora d'Adda,Lodi,4,Pianura Occidentale,,,,
98004,Borghetto Lodigiano,Lodi,4,Pianura Occidentale,,,,
98005,Borgo San Giovanni,Lodi,4,Pianura Occidentale,,,,
98006,Brembio,Lodi,4,Pianura Occidentale,,,,
98008,Casaletto Lodigiano,Lodi,4,Pianura Occidentale,,,,
98009,Casalmaiocco,Lodi,4,Pianura Occidentale,,,,
98010,Casalpusterlengo,Lodi,4,Pianura Occidentale,,,,
98011,Caselle Landi,Lodi,4,Pianura Occidentale,,,,
98012,Caselle Lurani,Lodi,4,Pianura Occidentale,,,,
98013,Castelnuovo Bocca d'Adda,Lodi,4,Pianura Occidentale,,,,
98014,Castiglione d'Adda,Lodi,4,Pianura Occidentale,,,,
98015,Castiraga Vidardo,Lodi,4,Pianura Occidentale,,,,
98017,Cavenago d'Adda,Lodi,4,Pianura Occidentale,,,,
98018,Cervignano d'Adda,Lodi,4,Pianura Occidentale,,,,
98019,Codogno,Lodi,4,Pianura Occidentale,,,,
98020,Comazzo,Lodi,4,Pianura Occidentale,,,,
98021,Cornegliano Laudense,Lodi,4,Pianura Occidentale,,,,
98022,Corno Giovine,Lodi,4,Pianura Occidentale,,,,
98023,Cornovecchio,Lodi,4,Pianura Occidentale,,,,
98024,Corte Palasio,Lodi,4,Pianura Occidentale,,,,
98025,Crespiatica,Lodi,4,Pianura Occidentale,,,,
98026,Fombio,Lodi,4,Pianura Occidentale,,,,
98027,Galgagnano,Lodi,4,Pianura Occidentale,,,,
98028,Graffignana,Lodi,4,Pianura Occidentale,,,,
98029,Guardamiglio,Lodi,4,Pianura Occidentale,,,,
98030,Livraga,Lodi,4,Pianura Occidentale,,,,
98031,Lodi,Lodi,4,Pianura Occidentale,,,,
98032,Lodi Vecchio,Lodi,4,Pianura Occidentale,,,,
98033,Maccastorna,Lodi,4,Pianura Occidentale,,,,
98034,Mairago,Lodi,4,Pianura Occidentale,,,,
98035,Maleo,Lodi,4,Pianura Occidentale,,,,
98036,Marudo,Lodi,4,Pianura Occidentale,,,,
98037,Massalengo,Lodi,4,Pianura Occidentale,,,,
98038,Meleti,Lodi,4,Pianura Occidentale,,,,
98039,Merlino,Lodi,4,Pianura Occidentale,,,,
98040,Montanaso Lombardo,Lodi,4,Pianura Occidentale,,,,
98041,Mulazzano,Lodi,4,Pianura Occidentale,,,,
98042,Orio Litta,Lodi,4,Pianura Occidentale,,,,
98043,Ospedaletto Lodigiano,Lodi,4,Pianura Occidentale,,,,
98044,Ossago Lodigiano,Lodi,4,Pianura Occidentale,,,,
98045,Pieve Fissiraga,Lodi,4,Pianura Occidentale,,,,
98046,Salerano sul Lambro,Lodi,4,Pianura Occidentale,,,,
98047,San Fiorano,Lodi,4,Pianura Occidentale,,,,
98048,San Martino in Strada,Lodi,4,Pianura Occidentale,,,,
98049,San Rocco al Porto,Lodi,4,Pianura Occidentale,,,,
98050,Sant'Angelo Lodigiano,Lodi,4,Pianura Occidentale,,,,
98051,Santo Stefano Lodigiano,Lodi,4,Pianura Occidentale,,,,
98052,Secugnago,Lodi,4,Pianura Occidentale,,,,
98053,Senna Lodigiana,Lodi,4,Pianura Occidentale,,,,
98054,Somaglia,Lodi,4,Pianura Occidentale,,,,
98055,Sordio,Lodi,4,Pianura Occidentale,,,,
98056,Tavazzano con Villavesco,Lodi,4,Pianura Occidentale,,,,
98057,Terranova dei Passerini,Lodi,4,Pianura Occidentale,,,,
98058,Turano Lodigiano,Lodi,4,Pianura Occidentale,,,,
98059,Valera Fratta,Lodi,4,Pianura Occidentale,,,,
98060,Villanova del Sillaro,Lodi,4,Pianura Occidentale,,,,
98061,Zelo Buon Persico,Lodi,4,Pianura Occidentale,,,,
98062,Castelgerundo,Lodi,4,Pianura Occidentale,,,,
16010,Antegnate,Bergamo,5,Pianura Centrale,,,,
16011,Arcene,Bergamo,5,Pianura Centrale,,,,
16013,Arzago d'Adda,Bergamo,5,Pianura Centrale,,,,
16016,Azzano San Paolo,Bergamo,5,Pianura Centrale,,,,
16018,Bagnatica,Bergamo,5,Pianura Centrale,,,,
16019,Barbata,Bergamo,5,Pianura Centrale,,,,
16020,Bariano,Bergamo,5,Pianura Centrale,,,,
16028,Bolgare,Bergamo,5,Pianura Centrale,,,,
16029,Boltiere,Bergamo,5,Pianura Centrale,,,,
16030,Bonate Sopra,Bergamo,5,Pianura Centrale,,,,
16031,Bonate Sotto,Bergamo,5,Pianura Centrale,,,,
16034,Bottanuco,Bergamo,5,Pianura Centrale,,,,
16037,Brembate,Bergamo,5,Pianura Centrale,,,,
16038,Brembate di Sopra,Bergamo,5,Pianura Centrale,,,,
16040,Brignano Gera d'Adda,Bergamo,5,Pianura Centrale,,,,
16042,Brusaporto,Bergamo,5,Pianura Centrale,,,,
16043,Calcinate,Bergamo,5,Pianura Centrale,,,,
16044,Calcio,Bergamo,5,Pianura Centrale,,,,
16046,Calusco d'Adda,Bergamo,5,Pianura Centrale,,,,
16047,Calvenzano,Bergamo,5,Pianura Centrale,,,,
16049,Canonica d'Adda,Bergamo,5,Pianura Centrale,,,,
16051,Capriate San Gervasio,Bergamo,5,Pianura Centrale,,,,
16053,Caravaggio,Bergamo,5,Pianura Centrale,,,,
16057,Carvico,Bergamo,5,Pianura Centrale,,,,
16059,Casirate d'Adda,Bergamo,5,Pianura Centrale,,,,
16063,Castel Rozzone,Bergamo,5,Pianura Centrale,,,,
16066,Cavernago,Bergamo,5,Pianura Centrale,,,,
16072,Chignolo d'Isola,Bergamo,5,Pianura Centrale,,,,
16075,Ciserano,Bergamo,5,Pianura Centrale,,,,
16076,Cividate al Piano,Bergamo,5,Pianura Centrale,,,,
16079,Cologno al Serio,Bergamo,5,Pianura Centrale,,,,
16081,Comun Nuovo,Bergamo,5,Pianura Centrale,,,,
16083,Cortenuova,Bergamo,5,Pianura Centrale,,,,
16084,Costa di Mezzate,Bergamo,5,Pianura Centrale,,,,
16087,Covo,Bergamo,5,Pianura Centrale,,,,
16089,Curno,Bergamo,5,Pianura Centrale,,,,
16091,Dalmine,Bergamo,5,Pianura Centrale,,,,
16096,Fara Gera d'Adda,Bergamo,5,Pianura Centrale,,,,
16097,Fara Olivana con Sola,Bergamo,5,Pianura Centrale,,,,
16098,Filago,Bergamo,5,Pianura Centrale,,,,
16101,Fontanella,Bergamo,5,Pianura Centrale,,,,
16105,Fornovo San Giovanni,Bergamo,5,Pianura Centrale,,,,
16113,Ghisalba,Bergamo,5,Pianura Centrale,,,,
16117,Grassobbio,Bergamo,5,Pianura Centrale,,,,
16122,Isso,Bergamo,5,Pianura Centrale,,,,
16123,Lallio,Bergamo,5,Pianura Centrale,,,,
16126,Levate,Bergamo,5,Pianura Centrale,,,,
16129,Lurano,Bergamo,5,Pianura Centrale,,,,
16131,Madone,Bergamo,5,Pianura Centrale,,,,
16132,Mapello,Bergamo,5,Pianura Centrale,,,,
16133,Martinengo,Bergamo,5,Pianura Centrale,,,,
16135,Misano di Gera d'Adda,Bergamo,5,Pianura Centrale,,,,
16140,Morengo,Bergamo,5,Pianura Centrale,,,,
16141,Mornico al Serio,Bergamo,5,Pianura Centrale,,,,
16142,Mozzanica,Bergamo,5,Pianura Centrale,,,,
16143,Mozzo,Bergamo,5,Pianura Centrale,,,,
16150,Orio al Serio,Bergamo,5,Pianura Centrale,,,,
16152,Osio Sopra,Bergamo,5,Pianura Centrale,,,,
16153,Osio Sotto,Bergamo,5,Pianura Centrale,,,,
16154,Pagazzano,Bergamo,5,Pianura Centrale,,,,
16157,Palosco,Bergamo,5,Pianura Centrale,,,,
16167,Pognano,Bergamo,5,Pianura Centrale,,,,
16170,Ponte San Pietro,Bergamo,5,Pianura Centrale,,,,
16172,Pontirolo Nuovo,Bergamo,5,Pianura Centrale,,,,
16176,Presezzo,Bergamo,5,Pianura Centrale,,,,
16177,Pumenengo,Bergamo,5,Pianura Centrale,,,,
16183,Romano di Lombardia,Bergamo,5,Pianura Centrale,,,,
16198,Seriate,Bergamo,5,Pianura Centrale,,,,
16203,Sotto il Monte Giovanni XXIII,Bergamo,5,Pianura Centrale,,,,
16206,Spirano,Bergamo,5,Pianura Centrale,,,,
16207,Stezzano,Bergamo,5,Pianura Centrale,,,,
16209,Suisio,Bergamo,5,Pianura Centrale,,,,
16212,Telgate,Bergamo,5,Pianura Centrale,,,,
16213,Terno d'Isola,Bergamo,5,Pianura Centrale,,,,
16217,Torre Pallavicina,Bergamo,5,Pianura Centrale,,,,
16219,Treviglio,Bergamo,5,Pianura Centrale,,,,
16220,Treviolo,Bergamo,5,Pianura Centrale,,,,
16222,Urgnano,Bergamo,5,Pianura Centrale,,,,
16224,Valbrembo,Bergamo,5,Pianura Centrale,,,,
16232,Verdellino,Bergamo,5,Pianura Centrale,,,,
16233,Verdello,Bergamo,5,Pianura Centrale,,,,
16238,Villa d'Adda,Bergamo,5,Pianura Centrale,,,,
16245,Zanica,Bergamo,5,Pianura Centrale,,,,
16250,Medolago,Bergamo,5,Pianura Centrale,,,,
16251,Solza,Bergamo,5,Pianura Centrale,,,,
17001,Acquafredda,Brescia,5,Pianura Centrale,,,,
17004,Alfianello,Brescia,5,Pianura Centrale,,,,
17008,Azzano Mella,Brescia,5,Pianura Centrale,,,,
17009,Bagnolo Mella,Brescia,5,Pianura Centrale,,,,
17011,Barbariga,Brescia,5,Pianura Centrale,,,,
17013,Bassano Bresciano,Brescia,5,Pianura Centrale,,,,
17014,Bedizzole,Brescia,5,Pianura Centrale,,,,
17015,Berlingo,Brescia,5,Pianura Centrale,,,,
17020,Borgo San Giacomo,Brescia,5,Pianura Centrale,,,,
17021,Borgosatollo,Brescia,5,Pianura Centrale,,,,
17023,Botticino,Brescia,5,Pianura Centrale,,,,
17026,Brandico,Brescia,5,Pianura Centrale,,,,
17029,Brescia,Brescia,5,Pianura Centrale,,,,
17032,Calcinato,Brescia,5,Pianura Centrale,,,,
17033,Calvagese della Riviera,Brescia,5,Pianura Centrale,,,,
17034,Calvisano,Brescia,5,Pianura Centrale,,,,
17037,Capriano del Colle,Brescia,5,Pianura Centrale,,,,
17039,Carpenedolo,Brescia,5,Pianura Centrale,,,,
17040,Castegnato,Brescia,5,Pianura Centrale,,,,
17041,Castelcovati,Brescia,5,Pianura Centrale,,,,
17042,Castel Mella,Brescia,5,Pianura Centrale,,,,
17043,Castenedolo,Brescia,5,Pianura Centrale,,,,
17045,Castrezzato,Brescia,5,Pianura Centrale,,,,
17046,Cazzago San Martino,Brescia,5,Pianura Centrale,,,,
17048,Cellatica,Brescia,5,Pianura Centrale,,,,
17052,Chiari,Brescia,5,Pianura Centrale,,,,
17053,Cigole,Brescia,5,Pianura Centrale,,,,
17056,Coccaglio,Brescia,5,Pianura Centrale,,,,
17057,Collebeato,Brescia,5,Pianura Centrale,,,,
17059,Cologne,Brescia,5,Pianura Centrale,,,,
17060,Comezzano-Cizzago,Brescia,5,Pianura Centrale,,,,
17064,Corzano,Brescia,5,Pianura Centrale,,,,
17066,Dello,Brescia,5,Pianura Centrale,,,,
17067,Desenzano del Garda,Brescia,5,Pianura Centrale,,,,
17069,Erbusco,Brescia,5,Pianura Centrale,,,,
17071,Fiesse,Brescia,5,Pianura Centrale,,,,
17072,Flero,Brescia,5,Pianura Centrale,,,,
17073,Gambara,Brescia,5,Pianura Centrale,,,,
17078,Ghedi,Brescia,5,Pianura Centrale,,,,
17080,Gottolengo,Brescia,5,Pianura Centrale,,,,
17081,Gussago,Brescia,5,Pianura Centrale,,,,
17086,Isorella,Brescia,5,Pianura Centrale,,,,
17088,Leno,Brescia,5,Pianura Centrale,,,,
17091,Lograto,Brescia,5,Pianura Centrale,,,,
17092,Lonato del Garda,Brescia,5,Pianura Centrale,,,,
17093,Longhena,Brescia,5,Pianura Centrale,,,,
17097,Maclodio,Brescia,5,Pianura Centrale,,,,
17099,Mairano,Brescia,5,Pianura Centrale,,,,
17102,Manerba del Garda,Brescia,5,Pianura Centrale,,,,
17103,Manerbio,Brescia,5,Pianura Centrale,,,,
17107,Mazzano,Brescia,5,Pianura Centrale,,,,
17108,Milzano,Brescia,5,Pianura Centrale,,,,
17109,Moniga del Garda,Brescia,5,Pianura Centrale,,,,
17113,Montichiari,Brescia,5,Pianura Centrale,,,,
17114,Montirone,Brescia,5,Pianura Centrale,,,,
17116,Muscoline,Brescia,5,Pianura Centrale,,,,
17119,Nuvolento,Brescia,5,Pianura Centrale,,,,
17120,Nuvolera,Brescia,5,Pianura Centrale,,,,
17122,Offlaga,Brescia,5,Pianura Centrale,,,,
17125,Orzinuovi,Brescia,5,Pianura Centrale,,,,
17126,Orzivecchi,Brescia,5,Pianura Centrale,,,,
17127,Ospitaletto,Brescia,5,Pianura Centrale,,,,
17129,Padenghe sul Garda,Brescia,5,Pianura Centrale,,,,
17130,Paderno Franciacorta,Brescia,5,Pianura Centrale,,,,
17133,Palazzolo sull'Oglio,Brescia,5,Pianura Centrale,,,,
17136,Passirano,Brescia,5,Pianura Centrale,,,,
17137,Pavone del Mella,Brescia,5,Pianura Centrale,,,,
17138,San Paolo,Brescia,5,Pianura Centrale,,,,
17145,Polpenazze del Garda,Brescia,5,Pianura Centrale,,,,
17146,Pompiano,Brescia,5,Pianura Centrale,,,,
17147,Poncarale,Brescia,5,Pianura Centrale,,,,
17149,Pontevico,Brescia,5,Pianura Centrale,,,,
17150,Pontoglio,Brescia,5,Pianura Centrale,,,,
17151,Pozzolengo,Brescia,5,Pianura Centrale,,,,
17152,Pralboino,Brescia,5,Pianura Centrale,,,,
17155,Prevalle,Brescia,5,Pianura Centrale,,,,
17158,Puegnago sul Garda,Brescia,5,Pianura Centrale,,,,
17159,Quinzano d'Oglio,Brescia,5,Pianura Centrale,,,,
17160,Remedello,Brescia,5,Pianura Centrale,,,,
17161,Rezzato,Brescia,5,Pianura Centrale,,,,
17162,Roccafranca,Brescia,5,Pianura Centrale,,,,
17163,Rodengo Saiano,Brescia,5,Pianura Centrale,,,,
17165,Roncadelle,Brescia,5,Pianura Centrale,,,,
17166,Rovato,Brescia,5,Pianura Centrale,,,,
17167,Rudiano,Brescia,5,Pianura Centrale,,,,
17171,San Felice del Benaco,Brescia,5,Pianura Centrale,,,,
17172,San Gervasio Bresciano,Brescia,5,Pianura Centrale,,,,
17173,San Zeno Naviglio,Brescia,5,Pianura Centrale,,,,
17177,Seniga,Brescia,5,Pianura Centrale,,,,
17179,Sirmione,Brescia,5,Pianura Centrale,,,,
17180,Soiano del Lago,Brescia,5,Pianura Centrale,,,,
17186,Torbole Casaglia,Brescia,5,Pianura Centrale,,,,
17188,Travagliato,Brescia,5,Pianura Centrale,,,,
17190,Trenzano,Brescia,5,Pianura Centrale,,,,
17192,Urago d'Oglio,Brescia,5,Pianura Centrale,,,,
17195,Verolanuova,Brescia,5,Pianura Centrale,,,,
17196,Verolavecchia,Brescia,5,Pianura Centrale,,,,
17200,Villachiara,Brescia,5,Pianura Centrale,,,,
17203,Visano,Brescia,5,Pianura Centrale,,,,
19001,Acquanegra Cremonese,Cremona,5,Pianura Centrale,,,,
19002,Agnadello,Cremona,5,Pianura Centrale,,,,
19003,Annicco,Cremona,5,Pianura Centrale,,,,
19004,Azzanello,Cremona,5,Pianura Centrale,,,,
19005,Bagnolo Cremasco,Cremona,5,Pianura Centrale,,,,
19006,Bonemerse,Cremona,5,Pianura Centrale,,,,
19007,Bordolano,Cremona,5,Pianura Centrale,,,,
19009,Calvatone,Cremona,5,Pianura Centrale,,,,
19010,Camisano,Cremona,5,Pianura Centrale,,,,
19011,Campagnola Cremasca,Cremona,5,Pianura Centrale,,,,
19012,Capergnanica,Cremona,5,Pianura Centrale,,,,
19013,Cappella Cantone,Cremona,5,Pianura Centrale,,,,
19014,Cappella de' Picenardi,Cremona,5,Pianura Centrale,,,,
19015,Capralba,Cremona,5,Pianura Centrale,,,,
19016,Casalbuttano ed Uniti,Cremona,5,Pianura Centrale,,,,
19017,Casale Cremasco-Vidolasco,Cremona,5,Pianura Centrale,,,,
19018,Casaletto Ceredano,Cremona,5,Pianura Centrale,,,,
19019,Casaletto di Sopra,Cremona,5,Pianura Centrale,,,,
19020,Casaletto Vaprio,Cremona,5,Pianura Centrale,,,,
19021,Casalmaggiore,Cremona,5,Pianura Centrale,,,,
19022,Casalmorano,Cremona,5,Pianura Centrale,,,,
19023,Casteldidone,Cremona,5,Pianura Centrale,,,,
19024,Castel Gabbiano,Cremona,5,Pianura Centrale,,,,
19025,Castelleone,Cremona,5,Pianura Centrale,,,,
19026,Castelverde,Cremona,5,Pianura Centrale,,,,
19027,Castelvisconti,Cremona,5,Pianura Centrale,,,,
19028,Cella Dati,Cremona,5,Pianura Centrale,,,,
19029,Chieve,Cremona,5,Pianura Centrale,,,,
19030,Cicognolo,Cremona,5,Pianura Centrale,,,,
19031,Cingia de' Botti,Cremona,5,Pianura Centrale,,,,
19032,Corte de' Cortesi con Cignone,Cremona,5,Pianura Centrale,,,,
19033,Corte de' Frati,Cremona,5,Pianura Centrale,,,,
19034,Credera Rubbiano,Cremona,5,Pianura Centrale,,,,
19035,Crema,Cremona,5,Pianura Centrale,,,,
19036,Cremona,Cremona,5,Pianura Centrale,,,,
19037,Cremosano,Cremona,5,Pianura Centrale,,,,
19038,Crotta d'Adda,Cremona,5,Pianura Centrale,,,,
19039,Cumignano sul Naviglio,Cremona,5,Pianura Centrale,,,,
19040,Derovere,Cremona,5,Pianura Centrale,,,,
19041,Dovera,Cremona,5,Pianura Centrale,,,,
19043,Fiesco,Cremona,5,Pianura Centrale,,,,
19044,Formigara,Cremona,5,Pianura Centrale,,,,
19045,Gabbioneta-Binanuova,Cremona,5,Pianura Centrale,,,,
19046,Gadesco-Pieve Delmona,Cremona,5,Pianura Centrale,,,,
19047,Genivolta,Cremona,5,Pianura Centrale,,,,
19048,Gerre de' Caprioli,Cremona,5,Pianura Centrale,,,,
19049,Gombito,Cremona,5,Pianura Centrale,,,,
19050,Grontardo,Cremona,5,Pianura Centrale,,,,
19051,Grumello Cremonese ed Uniti,Cremona,5,Pianura Centrale,,,,
19052,Gussola,Cremona,5,Pianura Centrale,,,,
19053,Isola Dovarese,Cremona,5,Pianura Centrale,,,,
19054,Izano,Cremona,5,Pianura Centrale,,,,
19055,Madignano,Cremona,5,Pianura Centrale,,,,
19056,Malagnino,Cremona,5,Pianura Centrale,,,,
19057,Martignana di Po,Cremona,5,Pianura Centrale,,,,
19058,Monte Cremasco,Cremona,5,Pianura Centrale,,,,
19059,Montodine,Cremona,5,Pianura Centrale,,,,
19060,Moscazzano,Cremona,5,Pianura Centrale,,,,
19061,Motta Baluffi,Cremona,5,Pianura Centrale,,,,
19062,Offanengo,Cremona,5,Pianura Centrale,,,,
19063,Olmeneta,Cremona,5,Pianura Centrale,,,,
19064,Ostiano,Cremona,5,Pianura Centrale,,,,
19065,Paderno Ponchielli,Cremona,5,Pianura Centrale,,,,
19066,Palazzo Pignano,Cremona,5,Pianura Centrale,,,,
19067,Pandino,Cremona,5,Pianura Centrale,,,,
19068,Persico Dosimo,Cremona,5,Pianura Centrale,,,,
19069,Pescarolo ed Uniti,Cremona,5,Pianura Centrale,,,,
19070,Pessina Cremonese,Cremona,5,Pianura Centrale,,,,
19072,Pianengo,Cremona,5,Pianura Centrale,,,,
19073,Pieranica,Cremona,5,Pianura Centrale,,,,
19074,Pieve d'Olmi,Cremona,5,Pianura Centrale,,,,
19075,Pieve San Giacomo,Cremona,5,Pianura Centrale,,,,
19076,Pizzighettone,Cremona,5,Pianura Centrale,,,,
19077,Pozzaglio ed Uniti,Cremona,5,Pianura Centrale,,,,
19078,Quintano,Cremona,5,Pianura Centrale,,,,
19079,Ricengo,Cremona,5,Pianura Centrale,,,,
19080,Ripalta Arpina,Cremona,5,Pianura Centrale,,,,
19081,Ripalta Cremasca,Cremona,5,Pianura Centrale,,,,
19082,Ripalta Guerina,Cremona,5,Pianura Centrale,,,,
19083,Rivarolo del Re ed Uniti,Cremona,5,Pianura Centrale,,,,
19084,Rivolta d'Adda,Cremona,5,Pianura Centrale,,,,
19085,Robecco d'Oglio,Cremona,5,Pianura Centrale,,,,
19086,Romanengo,Cremona,5,Pianura Centrale,,,,
19087,Salvirola,Cremona,5,Pianura Centrale,,,,
19088,San Bassano,Cremona,5,Pianura Centrale,,,,
19089,San Daniele Po,Cremona,5,Pianura Centrale,,,,
19090,San Giovanni in Croce,Cremona,5,Pianura Centrale,,,,
19091,San Martino del Lago,Cremona,5,Pianura Centrale,,,,
19092,Scandolara Ravara,Cremona,5,Pianura Centrale,,,,
19093,Scandolara Ripa d'Oglio,Cremona,5,Pianura Centrale,,,,
19094,Sergnano,Cremona,5,Pianura Centrale,,,,
19095,Sesto ed Uniti,Cremona,5,Pianura Centrale,,,,
19096,Solarolo Rainerio,Cremona,5,Pianura Centrale,,,,
19097,Soncino,Cremona,5,Pianura Centrale,,,,
19098,Soresina,Cremona,5,Pianura Centrale,,,,
19099,Sospiro,Cremona,5,Pianura Centrale,,,,
19100,Spinadesco,Cremona,5,Pianura Centrale,,,,
19101,Spineda,Cremona,5,Pianura Centrale,,,,
19102,Spino d'Adda,Cremona,5,Pianura Centrale,,,,
19103,Stagno Lombardo,Cremona,5,Pianura Centrale,,,,
19104,Ticengo,Cremona,5,Pianura Centrale,,,,
19105,Torlino Vimercati,Cremona,5,Pianura Centrale,,,,
19106,Tornata,Cremona,5,Pianura Centrale,,,,
19107,Torre de Picenardi,Cremona,5,Pianura Centrale,,,,
19108,Torricella del Pizzo,Cremona,5,Pianura Centrale,,,,
19109,Trescore Cremasco,Cremona,5,Pianura Centrale,,,,
19110,Trigolo,Cremona,5,Pianura Centrale,,,,
19111,Vaiano Cremasco,Cremona,5,Pianura Centrale,,,,
19112,Vailate,Cremona,5,Pianura Centrale,,,,
19113,Vescovato,Cremona,5,Pianura Centrale,,,,
19114,Volongo,Cremona,5,Pianura Centrale,,,,
19115,Voltido,Cremona,5,Pianura Centrale,,,,
19116,Piadena Drizzona,Cremona,5,Pianura Centrale,,,,
20001,Acquanegra sul Chiese,Mantova,6,Pianura Orientale,,,,
20002,Asola,Mantova,6,Pianura Orientale,,,,
20003,Bagnolo San Vito,Mantova,6,Pianura Orientale,,,,
20007,Bozzolo,Mantova,6,Pianura Orientale,,,,
20008,Canneto sull'Oglio,Mantova,6,Pianura Orientale,,,,
20010,Casalmoro,Mantova,6,Pianura Orientale,,,,
20011,Casaloldo,Mantova,6,Pianura Orientale,,,,
20012,Casalromano,Mantova,6,Pianura Orientale,,,,
20013,Castelbelforte,Mantova,6,Pianura Orientale,,,,
20014,Castel d'Ario,Mantova,6,Pianura Orientale,,,,
20015,Castel Goffredo,Mantova,6,Pianura Orientale,,,,
20016,Castellucchio,Mantova,6,Pianura Orientale,,,,
20017,Castiglione delle Stiviere,Mantova,6,Pianura Orientale,,,,
20018,Cavriana,Mantova,6,Pianura Orientale,,,,
20019,Ceresara,Mantova,6,Pianura Orientale,,,,
20020,Commessaggio,Mantova,6,Pianura Orientale,,,,
20021,Curtatone,Mantova,6,Pianura Orientale,,,,
20022,Dosolo,Mantova,6,Pianura Orientale,,,,
20024,Gazoldo degli Ippoliti,Mantova,6,Pianura Orientale,,,,
20025,Gazzuolo,Mantova,6,Pianura Orientale,,,,
20026,Goito,Mantova,6,Pianura Orientale,,,,
20027,Gonzaga,Mantova,6,Pianura Orientale,,,,
20028,Guidizzolo,Mantova,6,Pianura Orientale,,,,
20029,Magnacavallo,Mantova,6,Pianura Orientale,,,,
20030,Mantova,Mantova,6,Pianura Orientale,,,,
20031,Marcaria,Mantova,6,Pianura Orientale,,,,
20032,Mariana Mantovana,Mantova,6,Pianura Orientale,,,,
20033,Marmirolo,Mantova,6,Pianura Orientale,,,,
20034,Medole,Mantova,6,Pianura Orientale,,,,
20035,Moglia,Mantova,6,Pianura Orientale,,,,
20036,Monzambano,Mantova,6,Pianura Orientale,,,,
20037,Motteggiana,Mantova,6,Pianura Orientale,,,,
20038,Ostiglia,Mantova,6,Pianura Orientale,,,,
20039,Pegognaga,Mantova,6,Pianura Orientale,,,,
20041,Piubega,Mantova,6,Pianura Orientale,,,,
20042,Poggio Rusco,Mantova,6,Pianura Orientale,,,,
20043,Pomponesco,Mantova,6,Pianura Orientale,,,,
20044,Ponti sul Mincio,Mantova,6,Pianura Orientale,,,,
20045,Porto Mantovano,Mantova,6,Pianura Orientale,,,,
20046,Quingentole,Mantova,6,Pianura Orientale,,,,
20047,Quistello,Mantova,6,Pianura Orientale,,,,
20048,Redondesco,Mantova,6,Pianura Orientale,,,,
20050,Rivarolo Mantovano,Mantova,6,Pianura Orientale,,,,
20051,Rodigo,Mantova,6,Pianura Orientale,,,,
20052,Roncoferraro,Mantova,6,Pianura Orientale,,,,
20053,Roverbella,Mantova,6,Pianura Orientale,,,,
20054,Sabbioneta,Mantova,6,Pianura Orientale,,,,
20055,San Benedetto Po,Mantova,6,Pianura Orientale,,,,
20056,San Giacomo delle Segnate,Mantova,6,Pianura Orientale,,,,
20057,San Giorgio Bigarello,Mantova,6,Pianura Orientale,,,,
20058,San Giovanni del Dosso,Mantova,6,Pianura Orientale,,,,
20059,San Martino dall'Argine,Mantova,6,Pianura Orientale,,,,
20060,Schivenoglia,Mantova,6,Pianura Orientale,,,,
20061,Sermide e Felonica,Mantova,6,Pianura Orientale,,,,
20062,Serravalle a Po,Mantova,6,Pianura Orientale,,,,
20063,Solferino,Mantova,6,Pianura Orientale,,,,
20064,Sustinente,Mantova,6,Pianura Orientale,,,,
20065,Suzzara,Mantova,6,Pianura Orientale,,,,
20066,Viadana,Mantova,6,Pianura Orientale,,,,
20068,Villimpenta,Mantova,6,Pianura Orientale,,,,
20070,Volta Mantovana,Mantova,6,Pianura Orientale,,,,
20071,Borgo Virgilio,Mantova,6,Pianura Orientale,,,,
20072,Borgo Mantovano,Mantova,6,Pianura Orientale,,,,
20073,Borgocarbonara,Mantova,6,Pianura Orientale,,,,
